timestamp,station_id,station_name,target,target_label,prediction,model_version
2024-01-01 00:00:00,0,Татнефть-АЗС-001,total_fuel_sales,Будущий прогноз топлива TFT,7.79443359375,tft_total_fuel_sales_v1
2024-01-01 00:00:00,1,Татнефть-АЗС-002,total_fuel_sales,Будущий прогноз топлива TFT,1.6248266092588892e-06,tft_total_fuel_sales_v1
2024-01-01 00:00:00,2,Татнефть-АЗС-003,total_fuel_sales,Будущий прогноз топлива TFT,13.779446601867676,tft_total_fuel_sales_v1
2024-01-01 00:00:00,3,Татнефть-АЗС-004,total_fuel_sales,Будущий прогноз топлива TFT,10.392951965332031,tft_total_fuel_sales_v1
2024-01-01 00:00:00,4,Татнефть-АЗС-005,total_fuel_sales,Будущий прогноз топлива TFT,2.409401789194021e-09,tft_total_fuel_sales_v1
2024-01-01 01:00:00,0,Татнефть-АЗС-001,total_fuel_sales,Будущий прогноз топлива TFT,10.474409103393555,tft_total_fuel_sales_v1
2024-01-01 01:00:00,1,Татнефть-АЗС-002,total_fuel_sales,Будущий прогноз топлива TFT,8.266956115221546e-07,tft_total_fuel_sales_v1
2024-01-01 01:00:00,2,Татнефть-АЗС-003,total_fuel_sales,Будущий прогноз топлива TFT,17.459489822387695,tft_total_fuel_sales_v1
2024-01-01 01:00:00,3,Татнефть-АЗС-004,total_fuel_sales,Будущий прогноз топлива TFT,9.622601509094238,tft_total_fuel_sales_v1
2024-01-01 01:00:00,4,Татнефть-АЗС-005,total_fuel_sales,Будущий прогноз топлива TFT,2.58865213709214e-08,tft_total_fuel_sales_v1
2024-01-01 02:00:00,0,Татнефть-АЗС-001,total_fuel_sales,Будущий прогноз топлива TFT,9.89635944366455,tft_total_fuel_sales_v1
2024-01-01 02:00:00,1,Татнефть-АЗС-002,total_fuel_sales,Будущий прогноз топлива TFT,2.7527248676051386e-05,tft_total_fuel_sales_v1
2024-01-01 02:00:00,2,Татнефть-АЗС-003,total_fuel_sales,Будущий прогноз топлива TFT,15.766582489013672,tft_total_fuel_sales_v1
2024-01-01 02:00:00,3,Татнефть-АЗС-004,total_fuel_sales,Будущий прогноз топлива TFT,6.086603164672852,tft_total_fuel_sales_v1
2024-01-01 02:00:00,4,Татнефть-АЗС-005,total_fuel_sales,Будущий прогноз топлива TFT,2.0059333749600228e-08,tft_total_fuel_sales_v1
2024-01-01 03:00:00,0,Татнефть-АЗС-001,total_fuel_sales,Будущий прогноз топлива TFT,11.437609672546387,tft_total_fuel_sales_v1
2024-01-01 03:00:00,1,Татнефть-АЗС-002,total_fuel_sales,Будущий прогноз топлива TFT,5.984661584079731e-07,tft_total_fuel_sales_v1
2024-01-01 03:00:00,2,Татнефть-АЗС-003,total_fuel_sales,Будущий прогноз топлива TFT,15.346534729003906,tft_total_fuel_sales_v1
2024-01-01 03:00:00,3,Татнефть-АЗС-004,total_fuel_sales,Будущий прогноз топлива TFT,10.029340744018555,tft_total_fuel_sales_v1
2024-01-01 03:00:00,4,Татнефть-АЗС-005,total_fuel_sales,Будущий прогноз топлива TFT,1.0586299614701034e-09,tft_total_fuel_sales_v1
2024-01-01 04:00:00,0,Татнефть-АЗС-001,total_fuel_sales,Будущий прогноз топлива TFT,11.923094749450684,tft_total_fuel_sales_v1
2024-01-01 04:00:00,1,Татнефть-АЗС-002,total_fuel_sales,Будущий прогноз топлива TFT,6.365303761413088e-06,tft_total_fuel_sales_v1
2024-01-01 04:00:00,2,Татнефть-АЗС-003,total_fuel_sales,Будущий прогноз топлива TFT,13.767678260803223,tft_total_fuel_sales_v1
2024-01-01 04:00:00,3,Татнефть-АЗС-004,total_fuel_sales,Будущий прогноз топлива TFT,9.50794792175293,tft_total_fuel_sales_v1
2024-01-01 04:00:00,4,Татнефть-АЗС-005,total_fuel_sales,Будущий прогноз топлива TFT,2.3301033991174336e-08,tft_total_fuel_sales_v1
2024-01-01 05:00:00,0,Татнефть-АЗС-001,total_fuel_sales,Будущий прогноз топлива TFT,10.285968780517578,tft_total_fuel_sales_v1
2024-01-01 05:00:00,1,Татнефть-АЗС-002,total_fuel_sales,Будущий прогноз топлива TFT,1.4649852346337866e-05,tft_total_fuel_sales_v1
2024-01-01 05:00:00,2,Татнефть-АЗС-003,total_fuel_sales,Будущий прогноз топлива TFT,13.084737777709961,tft_total_fuel_sales_v1
2024-01-01 05:00:00,3,Татнефть-АЗС-004,total_fuel_sales,Будущий прогноз топлива TFT,8.341226577758789,tft_total_fuel_sales_v1
2024-01-01 05:00:00,4,Татнефть-АЗС-005,total_fuel_sales,Будущий прогноз топлива TFT,8.281912933227886e-09,tft_total_fuel_sales_v1
2024-01-01 06:00:00,0,Татнефть-АЗС-001,total_fuel_sales,Будущий прогноз топлива TFT,62.020381927490234,tft_total_fuel_sales_v1
2024-01-01 06:00:00,1,Татнефть-АЗС-002,total_fuel_sales,Будущий прогноз топлива TFT,49.057281494140625,tft_total_fuel_sales_v1
2024-01-01 06:00:00,2,Татнефть-АЗС-003,total_fuel_sales,Будущий прогноз топлива TFT,70.89612579345703,tft_total_fuel_sales_v1
2024-01-01 06:00:00,3,Татнефть-АЗС-004,total_fuel_sales,Будущий прогноз топлива TFT,80.1121597290039,tft_total_fuel_sales_v1
2024-01-01 06:00:00,4,Татнефть-АЗС-005,total_fuel_sales,Будущий прогноз топлива TFT,43.06727600097656,tft_total_fuel_sales_v1
2024-01-01 07:00:00,0,Татнефть-АЗС-001,total_fuel_sales,Будущий прогноз топлива TFT,229.43798828125,tft_total_fuel_sales_v1
2024-01-01 07:00:00,1,Татнефть-АЗС-002,total_fuel_sales,Будущий прогноз топлива TFT,139.39146423339844,tft_total_fuel_sales_v1
2024-01-01 07:00:00,2,Татнефть-АЗС-003,total_fuel_sales,Будущий прогноз топлива TFT,287.3002624511719,tft_total_fuel_sales_v1
2024-01-01 07:00:00,3,Татнефть-АЗС-004,total_fuel_sales,Будущий прогноз топлива TFT,271.9639587402344,tft_total_fuel_sales_v1
2024-01-01 07:00:00,4,Татнефть-АЗС-005,total_fuel_sales,Будущий прогноз топлива TFT,148.91314697265625,tft_total_fuel_sales_v1
2024-01-01 08:00:00,0,Татнефть-АЗС-001,total_fuel_sales,Будущий прогноз топлива TFT,223.7627716064453,tft_total_fuel_sales_v1
2024-01-01 08:00:00,1,Татнефть-АЗС-002,total_fuel_sales,Будущий прогноз топлива TFT,159.47805786132812,tft_total_fuel_sales_v1
2024-01-01 08:00:00,2,Татнефть-АЗС-003,total_fuel_sales,Будущий прогноз топлива TFT,286.946533203125,tft_total_fuel_sales_v1
2024-01-01 08:00:00,3,Татнефть-АЗС-004,total_fuel_sales,Будущий прогноз топлива TFT,289.71661376953125,tft_total_fuel_sales_v1
2024-01-01 08:00:00,4,Татнефть-АЗС-005,total_fuel_sales,Будущий прогноз топлива TFT,86.53842163085938,tft_total_fuel_sales_v1
2024-01-01 09:00:00,0,Татнефть-АЗС-001,total_fuel_sales,Будущий прогноз топлива TFT,232.36367797851562,tft_total_fuel_sales_v1
2024-01-01 09:00:00,1,Татнефть-АЗС-002,total_fuel_sales,Будущий прогноз топлива TFT,135.54052734375,tft_total_fuel_sales_v1
2024-01-01 09:00:00,2,Татнефть-АЗС-003,total_fuel_sales,Будущий прогноз топлива TFT,252.28782653808594,tft_total_fuel_sales_v1
2024-01-01 09:00:00,3,Татнефть-АЗС-004,total_fuel_sales,Будущий прогноз топлива TFT,277.8902282714844,tft_total_fuel_sales_v1
2024-01-01 09:00:00,4,Татнефть-АЗС-005,total_fuel_sales,Будущий прогноз топлива TFT,144.22097778320312,tft_total_fuel_sales_v1
2024-01-01 10:00:00,0,Татнефть-АЗС-001,total_fuel_sales,Будущий прогноз топлива TFT,62.431976318359375,tft_total_fuel_sales_v1
2024-01-01 10:00:00,1,Татнефть-АЗС-002,total_fuel_sales,Будущий прогноз топлива TFT,41.97777557373047,tft_total_fuel_sales_v1
2024-01-01 10:00:00,2,Татнефть-АЗС-003,total_fuel_sales,Будущий прогноз топлива TFT,77.383544921875,tft_total_fuel_sales_v1
2024-01-01 10:00:00,3,Татнефть-АЗС-004,total_fuel_sales,Будущий прогноз топлива TFT,78.8749771118164,tft_total_fuel_sales_v1
2024-01-01 10:00:00,4,Татнефть-АЗС-005,total_fuel_sales,Будущий прогноз топлива TFT,26.68108367919922,tft_total_fuel_sales_v1
2024-01-01 11:00:00,0,Татнефть-АЗС-001,total_fuel_sales,Будущий прогноз топлива TFT,61.71855163574219,tft_total_fuel_sales_v1
2024-01-01 11:00:00,1,Татнефть-АЗС-002,total_fuel_sales,Будущий прогноз топлива TFT,28.88189697265625,tft_total_fuel_sales_v1
2024-01-01 11:00:00,2,Татнефть-АЗС-003,total_fuel_sales,Будущий прогноз топлива TFT,71.21054077148438,tft_total_fuel_sales_v1
2024-01-01 11:00:00,3,Татнефть-АЗС-004,total_fuel_sales,Будущий прогноз топлива TFT,77.29830932617188,tft_total_fuel_sales_v1
2024-01-01 11:00:00,4,Татнефть-АЗС-005,total_fuel_sales,Будущий прогноз топлива TFT,25.89525604248047,tft_total_fuel_sales_v1
2024-01-01 12:00:00,0,Татнефть-АЗС-001,total_fuel_sales,Будущий прогноз топлива TFT,61.95092010498047,tft_total_fuel_sales_v1
2024-01-01 12:00:00,1,Татнефть-АЗС-002,total_fuel_sales,Будущий прогноз топлива TFT,48.40214538574219,tft_total_fuel_sales_v1
2024-01-01 12:00:00,2,Татнефть-АЗС-003,total_fuel_sales,Будущий прогноз топлива TFT,100.07633972167969,tft_total_fuel_sales_v1
2024-01-01 12:00:00,3,Татнефть-АЗС-004,total_fuel_sales,Будущий прогноз топлива TFT,114.66816711425781,tft_total_fuel_sales_v1
2024-01-01 12:00:00,4,Татнефть-АЗС-005,total_fuel_sales,Будущий прогноз топлива TFT,26.616928100585938,tft_total_fuel_sales_v1
2024-01-01 13:00:00,0,Татнефть-АЗС-001,total_fuel_sales,Будущий прогноз топлива TFT,64.30503845214844,tft_total_fuel_sales_v1
2024-01-01 13:00:00,1,Татнефть-АЗС-002,total_fuel_sales,Будущий прогноз топлива TFT,49.784812927246094,tft_total_fuel_sales_v1
2024-01-01 13:00:00,2,Татнефть-АЗС-003,total_fuel_sales,Будущий прогноз топлива TFT,73.48075866699219,tft_total_fuel_sales_v1
2024-01-01 13:00:00,3,Татнефть-АЗС-004,total_fuel_sales,Будущий прогноз топлива TFT,108.6881103515625,tft_total_fuel_sales_v1
2024-01-01 13:00:00,4,Татнефть-АЗС-005,total_fuel_sales,Будущий прогноз топлива TFT,25.943679809570312,tft_total_fuel_sales_v1
2024-01-01 14:00:00,0,Татнефть-АЗС-001,total_fuel_sales,Будущий прогноз топлива TFT,61.22320556640625,tft_total_fuel_sales_v1
2024-01-01 14:00:00,1,Татнефть-АЗС-002,total_fuel_sales,Будущий прогноз топлива TFT,27.65404510498047,tft_total_fuel_sales_v1
2024-01-01 14:00:00,2,Татнефть-АЗС-003,total_fuel_sales,Будущий прогноз топлива TFT,75.26055145263672,tft_total_fuel_sales_v1
2024-01-01 14:00:00,3,Татнефть-АЗС-004,total_fuel_sales,Будущий прогноз топлива TFT,107.84892272949219,tft_total_fuel_sales_v1
2024-01-01 14:00:00,4,Татнефть-АЗС-005,total_fuel_sales,Будущий прогноз топлива TFT,25.30603790283203,tft_total_fuel_sales_v1
2024-01-01 15:00:00,0,Татнефть-АЗС-001,total_fuel_sales,Будущий прогноз топлива TFT,94.34759521484375,tft_total_fuel_sales_v1
2024-01-01 15:00:00,1,Татнефть-АЗС-002,total_fuel_sales,Будущий прогноз топлива TFT,45.256683349609375,tft_total_fuel_sales_v1
2024-01-01 15:00:00,2,Татнефть-АЗС-003,total_fuel_sales,Будущий прогноз топлива TFT,104.21986389160156,tft_total_fuel_sales_v1
2024-01-01 15:00:00,3,Татнефть-АЗС-004,total_fuel_sales,Будущий прогноз топлива TFT,84.75103759765625,tft_total_fuel_sales_v1
2024-01-01 15:00:00,4,Татнефть-АЗС-005,total_fuel_sales,Будущий прогноз топлива TFT,26.189071655273438,tft_total_fuel_sales_v1
2024-01-01 16:00:00,0,Татнефть-АЗС-001,total_fuel_sales,Будущий прогноз топлива TFT,92.35292053222656,tft_total_fuel_sales_v1
2024-01-01 16:00:00,1,Татнефть-АЗС-002,total_fuel_sales,Будущий прогноз топлива TFT,51.04231643676758,tft_total_fuel_sales_v1
2024-01-01 16:00:00,2,Татнефть-АЗС-003,total_fuel_sales,Будущий прогноз топлива TFT,72.00829315185547,tft_total_fuel_sales_v1
2024-01-01 16:00:00,3,Татнефть-АЗС-004,total_fuel_sales,Будущий прогноз топлива TFT,111.30545043945312,tft_total_fuel_sales_v1
2024-01-01 16:00:00,4,Татнефть-АЗС-005,total_fuel_sales,Будущий прогноз топлива TFT,23.739227294921875,tft_total_fuel_sales_v1
2024-01-01 17:00:00,0,Татнефть-АЗС-001,total_fuel_sales,Будущий прогноз топлива TFT,265.6490478515625,tft_total_fuel_sales_v1
2024-01-01 17:00:00,1,Татнефть-АЗС-002,total_fuel_sales,Будущий прогноз топлива TFT,114.52362060546875,tft_total_fuel_sales_v1
2024-01-01 17:00:00,2,Татнефть-АЗС-003,total_fuel_sales,Будущий прогноз топлива TFT,248.51913452148438,tft_total_fuel_sales_v1
2024-01-01 17:00:00,3,Татнефть-АЗС-004,total_fuel_sales,Будущий прогноз топлива TFT,268.6462707519531,tft_total_fuel_sales_v1
2024-01-01 17:00:00,4,Татнефть-АЗС-005,total_fuel_sales,Будущий прогноз топлива TFT,152.30499267578125,tft_total_fuel_sales_v1
2024-01-01 18:00:00,0,Татнефть-АЗС-001,total_fuel_sales,Будущий прогноз топлива TFT,214.65097045898438,tft_total_fuel_sales_v1
2024-01-01 18:00:00,1,Татнефть-АЗС-002,total_fuel_sales,Будущий прогноз топлива TFT,107.29735565185547,tft_total_fuel_sales_v1
2024-01-01 18:00:00,2,Татнефть-АЗС-003,total_fuel_sales,Будущий прогноз топлива TFT,249.74522399902344,tft_total_fuel_sales_v1
2024-01-01 18:00:00,3,Татнефть-АЗС-004,total_fuel_sales,Будущий прогноз топлива TFT,355.8240661621094,tft_total_fuel_sales_v1
2024-01-01 18:00:00,4,Татнефть-АЗС-005,total_fuel_sales,Будущий прогноз топлива TFT,156.37869262695312,tft_total_fuel_sales_v1
2024-01-01 19:00:00,0,Татнефть-АЗС-001,total_fuel_sales,Будущий прогноз топлива TFT,270.5760803222656,tft_total_fuel_sales_v1
2024-01-01 19:00:00,1,Татнефть-АЗС-002,total_fuel_sales,Будущий прогноз топлива TFT,103.95903778076172,tft_total_fuel_sales_v1
2024-01-01 19:00:00,2,Татнефть-АЗС-003,total_fuel_sales,Будущий прогноз топлива TFT,240.172119140625,tft_total_fuel_sales_v1
2024-01-01 19:00:00,3,Татнефть-АЗС-004,total_fuel_sales,Будущий прогноз топлива TFT,248.61862182617188,tft_total_fuel_sales_v1
2024-01-01 19:00:00,4,Татнефть-АЗС-005,total_fuel_sales,Будущий прогноз топлива TFT,156.4429931640625,tft_total_fuel_sales_v1
2024-01-01 20:00:00,0,Татнефть-АЗС-001,total_fuel_sales,Будущий прогноз топлива TFT,94.8075180053711,tft_total_fuel_sales_v1
2024-01-01 20:00:00,1,Татнефть-АЗС-002,total_fuel_sales,Будущий прогноз топлива TFT,43.12963104248047,tft_total_fuel_sales_v1
2024-01-01 20:00:00,2,Татнефть-АЗС-003,total_fuel_sales,Будущий прогноз топлива TFT,74.38127136230469,tft_total_fuel_sales_v1
2024-01-01 20:00:00,3,Татнефть-АЗС-004,total_fuel_sales,Будущий прогноз топлива TFT,109.56434631347656,tft_total_fuel_sales_v1
2024-01-01 20:00:00,4,Татнефть-АЗС-005,total_fuel_sales,Будущий прогноз топлива TFT,26.51549530029297,tft_total_fuel_sales_v1
2024-01-01 21:00:00,0,Татнефть-АЗС-001,total_fuel_sales,Будущий прогноз топлива TFT,90.73753356933594,tft_total_fuel_sales_v1
2024-01-01 21:00:00,1,Татнефть-АЗС-002,total_fuel_sales,Будущий прогноз топлива TFT,47.37491226196289,tft_total_fuel_sales_v1
2024-01-01 21:00:00,2,Татнефть-АЗС-003,total_fuel_sales,Будущий прогноз топлива TFT,84.36256408691406,tft_total_fuel_sales_v1
2024-01-01 21:00:00,3,Татнефть-АЗС-004,total_fuel_sales,Будущий прогноз топлива TFT,78.07350158691406,tft_total_fuel_sales_v1
2024-01-01 21:00:00,4,Татнефть-АЗС-005,total_fuel_sales,Будущий прогноз топлива TFT,27.844100952148438,tft_total_fuel_sales_v1
2024-01-01 22:00:00,0,Татнефть-АЗС-001,total_fuel_sales,Будущий прогноз топлива TFT,9.429035186767578,tft_total_fuel_sales_v1
2024-01-01 22:00:00,1,Татнефть-АЗС-002,total_fuel_sales,Будущий прогноз топлива TFT,4.826563895221625e-07,tft_total_fuel_sales_v1
2024-01-01 22:00:00,2,Татнефть-АЗС-003,total_fuel_sales,Будущий прогноз топлива TFT,16.929460525512695,tft_total_fuel_sales_v1
2024-01-01 22:00:00,3,Татнефть-АЗС-004,total_fuel_sales,Будущий прогноз топлива TFT,6.657466411590576,tft_total_fuel_sales_v1
2024-01-01 22:00:00,4,Татнефть-АЗС-005,total_fuel_sales,Будущий прогноз топлива TFT,4.507059614411446e-09,tft_total_fuel_sales_v1
2024-01-01 23:00:00,0,Татнефть-АЗС-001,total_fuel_sales,Будущий прогноз топлива TFT,14.443490028381348,tft_total_fuel_sales_v1
2024-01-01 23:00:00,1,Татнефть-АЗС-002,total_fuel_sales,Будущий прогноз топлива TFT,2.4562959879403934e-06,tft_total_fuel_sales_v1
2024-01-01 23:00:00,2,Татнефть-АЗС-003,total_fuel_sales,Будущий прогноз топлива TFT,18.005952835083008,tft_total_fuel_sales_v1
2024-01-01 23:00:00,3,Татнефть-АЗС-004,total_fuel_sales,Будущий прогноз топлива TFT,7.985814094543457,tft_total_fuel_sales_v1
2024-01-01 23:00:00,4,Татнефть-АЗС-005,total_fuel_sales,Будущий прогноз топлива TFT,4.090252581079312e-09,tft_total_fuel_sales_v1
