feature,importance,target,target_label
traffic_Passengers_cars,0.8184040192349965,total_fuel_sales,Продажи топлива
total_traffic,0.09505289180156791,total_fuel_sales,Продажи топлива
is_rush_hour,0.01802087473411244,total_fuel_sales,Продажи топлива
hour,0.01118585627756726,total_fuel_sales,Продажи топлива
promotion_fuel_active,0.009777152488566143,total_fuel_sales,Продажи топлива
is_snow,0.0027299868835057492,total_fuel_sales,Продажи топлива
day_of_week,0.0005302249653238814,total_fuel_sales,Продажи топлива
staff_engagement_score,0.0002886767672290273,total_fuel_sales,Продажи топлива
competitor_price_AI95,0.0001961182962180915,total_fuel_sales,Продажи топлива
price_AI95,0.00013048106067477713,total_fuel_sales,Продажи топлива
station_id,0.00012901635497049777,total_fuel_sales,Продажи топлива
weather_condition,8.368397722487615e-05,total_fuel_sales,Продажи топлива
corporate_customer_ratio,4.571929508264313e-05,total_fuel_sales,Продажи топлива
settlement_size,3.786041617892533e-05,total_fuel_sales,Продажи топлива
competitors_within_5km,3.514053255352737e-05,total_fuel_sales,Продажи топлива
competitor_price_DT,2.7780416418673088e-05,total_fuel_sales,Продажи топлива
promotion_shop_active,2.6328572815259577e-05,total_fuel_sales,Продажи топлива
direction,2.20347556856663e-05,total_fuel_sales,Продажи топлива
wind_speed_ms,2.0417114533673637e-05,total_fuel_sales,Продажи топлива
price_AI98,1.6944835501742084e-05,total_fuel_sales,Продажи топлива
is_rain,1.5746288852110563e-05,total_fuel_sales,Продажи топлива
distance_to_city_km,9.022898864878096e-06,total_fuel_sales,Продажи топлива
is_night,3.599727824266097e-06,total_fuel_sales,Продажи топлива
price_DT_WINTER,0.0,total_fuel_sales,Продажи топлива
price_DT_SUMMER,0.0,total_fuel_sales,Продажи топлива
price_DT_TANEKO,0.0,total_fuel_sales,Продажи топлива
week_of_year,0.0,total_fuel_sales,Продажи топлива
quarter,0.0,total_fuel_sales,Продажи топлива
month,0.0,total_fuel_sales,Продажи топлива
price_DT_EURO,0.0,total_fuel_sales,Продажи топлива
price_AI92,0.0,total_fuel_sales,Продажи топлива
holiday_name,0.0,total_fuel_sales,Продажи топлива
shop_area_m2,0.0,total_fuel_sales,Продажи топлива
has_shop,0.0,total_fuel_sales,Продажи топлива
has_cafe,0.0,total_fuel_sales,Продажи топлива
season,0.0,total_fuel_sales,Продажи топлива
promotion_cafe_active,0.0,total_fuel_sales,Продажи топлива
traffic_Transporter,0.0,total_fuel_sales,Продажи топлива
is_fog,0.0,total_fuel_sales,Продажи топлива
is_holiday,0.0,total_fuel_sales,Продажи топлива
is_weekend,0.0,total_fuel_sales,Продажи топлива
has_car_wash,-6.940291831643759e-06,total_fuel_sales,Продажи топлива
competitor_price_AI92,-1.719241698076394e-05,total_fuel_sales,Продажи топлива
customer_loyalty_score,-2.5336344734598153e-05,total_fuel_sales,Продажи топлива
ad_channel,-4.3574989665525386e-05,total_fuel_sales,Продажи топлива
ad_active,-6.616428978715543e-05,total_fuel_sales,Продажи топлива
temperature,-9.569622322898781e-05,total_fuel_sales,Продажи топлива
traffic_Undefined,-0.00012531997613696166,total_fuel_sales,Продажи топлива
road_type,-0.00025065380564296785,total_fuel_sales,Продажи топлива
total_pumps,-0.0002615426726578403,total_fuel_sales,Продажи топлива
visibility_km,-0.0011863614651119736,total_fuel_sales,Продажи топлива
traffic_Truck_short,-0.0013472291582004765,total_fuel_sales,Продажи топлива
precipitation_mm,-0.0020819078776952438,total_fuel_sales,Продажи топлива
traffic_Truck_long,-0.0025989477688107185,total_fuel_sales,Продажи топлива
traffic_Truck,-0.0035484356229059655,total_fuel_sales,Продажи топлива
total_traffic,0.6307248918455476,shop_total_revenue,Выручка магазина
traffic_Passengers_cars,0.3147988307471293,shop_total_revenue,Выручка магазина
is_rush_hour,0.014981934485646517,shop_total_revenue,Выручка магазина
hour,0.008312873288413162,shop_total_revenue,Выручка магазина
is_snow,0.004027343666080448,shop_total_revenue,Выручка магазина
station_id,0.003230756480094928,shop_total_revenue,Выручка магазина
traffic_Truck,0.001982318939890204,shop_total_revenue,Выручка магазина
precipitation_mm,0.0006817067766793361,shop_total_revenue,Выручка магазина
day_of_week,0.00048640720974846285,shop_total_revenue,Выручка магазина
visibility_km,0.00045700327763945986,shop_total_revenue,Выручка магазина
competitor_price_DT,0.00042072352057905454,shop_total_revenue,Выручка магазина
competitor_price_AI95,0.0003966467921093046,shop_total_revenue,Выручка магазина
promotion_shop_active,0.00032769751723856394,shop_total_revenue,Выручка магазина
settlement_size,0.00024908179474236736,shop_total_revenue,Выручка магазина
promotion_cafe_active,0.00023840585391314098,shop_total_revenue,Выручка магазина
distance_to_city_km,0.00021773751333042934,shop_total_revenue,Выручка магазина
price_AI98,0.0001860077917214357,shop_total_revenue,Выручка магазина
traffic_Truck_short,0.0001820772204385035,shop_total_revenue,Выручка магазина
is_rain,9.602593247785378e-05,shop_total_revenue,Выручка магазина
direction,9.31281096869796e-05,shop_total_revenue,Выручка магазина
ad_channel,4.378527701206133e-05,shop_total_revenue,Выручка магазина
traffic_Truck_long,3.4122077574213115e-05,shop_total_revenue,Выручка магазина
weather_condition,2.902872909508562e-05,shop_total_revenue,Выручка магазина
has_car_wash,2.6196144433369522e-05,shop_total_revenue,Выручка магазина
traffic_Transporter,2.1027289549668815e-05,shop_total_revenue,Выручка магазина
traffic_Undefined,2.9272005624229416e-06,shop_total_revenue,Выручка магазина
quarter,0.0,shop_total_revenue,Выручка магазина
corporate_customer_ratio,0.0,shop_total_revenue,Выручка магазина
price_DT_WINTER,0.0,shop_total_revenue,Выручка магазина
month,0.0,shop_total_revenue,Выручка магазина
is_fog,0.0,shop_total_revenue,Выручка магазина
holiday_name,0.0,shop_total_revenue,Выручка магазина
shop_area_m2,0.0,shop_total_revenue,Выручка магазина
has_shop,0.0,shop_total_revenue,Выручка магазина
season,0.0,shop_total_revenue,Выручка магазина
road_type,0.0,shop_total_revenue,Выручка магазина
has_cafe,0.0,shop_total_revenue,Выручка магазина
competitors_within_5km,0.0,shop_total_revenue,Выручка магазина
customer_loyalty_score,0.0,shop_total_revenue,Выручка магазина
is_holiday,0.0,shop_total_revenue,Выручка магазина
is_weekend,0.0,shop_total_revenue,Выручка магазина
is_night,0.0,shop_total_revenue,Выручка магазина
week_of_year,0.0,shop_total_revenue,Выручка магазина
price_DT_SUMMER,0.0,shop_total_revenue,Выручка магазина
price_DT_TANEKO,0.0,shop_total_revenue,Выручка магазина
price_DT_EURO,0.0,shop_total_revenue,Выручка магазина
price_AI92,0.0,shop_total_revenue,Выручка магазина
promotion_fuel_active,-5.293442391344587e-06,shop_total_revenue,Выручка магазина
price_AI95,-1.8630105507289052e-05,shop_total_revenue,Выручка магазина
ad_active,-0.0001038780496613508,shop_total_revenue,Выручка магазина
competitor_price_AI92,-0.00010470774493294883,shop_total_revenue,Выручка магазина
wind_speed_ms,-0.00013266309419472191,shop_total_revenue,Выручка магазина
staff_engagement_score,-0.00014981015421814772,shop_total_revenue,Выручка магазина
total_pumps,-0.0002199500227885546,shop_total_revenue,Выручка магазина
temperature,-0.0013045031794737632,shop_total_revenue,Выручка магазина
