date,observations,total_fuel_sales,shop_total_revenue,total_traffic,avg_temperature,avg_precipitation_mm,promo_fuel_share,promo_shop_share,promo_cafe_share,ad_active_share,avg_price_gap_ai92,avg_price_gap_ai95,avg_price_gap_dt
2023-01-01,600,23901.0,52533.0,70913.0,-12.37,0.83,0.4,0.24,0.04,0.285,-0.03,-0.038,0.947
2023-01-02,600,24646.0,48781.0,70708.0,-12.09,0.82,0.48,0.28,0.16,0.31,-0.041,-0.022,0.874
2023-01-03,600,24150.0,45180.0,69771.0,-12.22,0.87,0.48,0.32,0.24,0.2833,-0.024,-0.045,0.982
2023-01-04,600,25147.0,52290.0,70784.0,-12.04,0.9,0.52,0.36,0.24,0.28,0.026,0.026,0.936
2023-01-05,600,24302.0,48035.0,69805.0,-12.1,0.9,0.52,0.36,0.24,0.3233,-0.054,0.012,0.928
2023-01-06,600,24400.0,49132.0,69872.0,-11.82,0.86,0.52,0.36,0.24,0.285,0.086,0.021,0.934
2023-01-07,600,24759.0,54860.0,72002.0,-11.86,0.86,0.52,0.36,0.24,0.3017,0.036,0.007,1.058
2023-01-08,600,23664.0,52377.0,70250.0,-12.01,0.82,0.52,0.36,0.24,0.3283,0.044,0.01,0.964
2023-01-09,600,25142.0,51544.0,70487.0,-11.82,0.79,0.52,0.36,0.24,0.3117,0.03,-0.062,0.949
2023-01-10,600,24072.0,51080.0,69167.0,-11.95,0.95,0.52,0.36,0.24,0.2933,-0.019,-0.018,1.024
2023-01-11,600,24953.0,48292.0,70458.0,-12.42,0.91,0.52,0.36,0.24,0.2983,0.05,-0.0,0.875
2023-01-12,600,24550.0,49726.0,70123.0,-11.93,0.86,0.52,0.36,0.24,0.2817,-0.11,-0.046,0.968
2023-01-13,600,23770.0,47255.0,68954.0,-11.92,0.8,0.52,0.36,0.24,0.2833,0.016,0.038,0.963
2023-01-14,600,23552.0,49577.0,70731.0,-11.74,0.87,0.52,0.36,0.24,0.3317,0.006,0.055,0.898
2023-01-15,600,23513.0,48321.0,70801.0,-12.18,0.91,0.52,0.36,0.24,0.3033,0.072,0.072,0.94
2023-01-16,600,24316.0,48542.0,70022.0,-11.51,0.87,0.52,0.36,0.24,0.29,-0.015,0.097,1.024
2023-01-17,600,24462.0,48739.0,69312.0,-12.19,0.95,0.52,0.36,0.24,0.2717,-0.004,0.003,0.98
2023-01-18,600,24578.0,49026.0,70694.0,-12.17,0.91,0.52,0.36,0.24,0.29,0.106,0.058,1.004
2023-01-19,600,23970.0,44319.0,69138.0,-11.65,0.9,0.52,0.36,0.24,0.285,0.092,0.106,0.912
2023-01-20,600,24110.0,47139.0,69412.0,-11.98,0.84,0.52,0.36,0.24,0.2917,0.036,0.1,0.952
2023-01-21,600,23415.0,48035.0,70118.0,-11.9,0.85,0.52,0.36,0.24,0.315,0.035,0.011,0.871
2023-01-22,600,23667.0,50165.0,71016.0,-12.09,0.87,0.52,0.36,0.24,0.31,-0.058,-0.062,0.917
2023-01-23,600,25071.0,48852.0,70878.0,-11.67,0.91,0.52,0.36,0.24,0.2967,-0.04,0.052,1.035
2023-01-24,600,24849.0,46715.0,70861.0,-11.65,0.83,0.52,0.36,0.24,0.3033,-0.033,0.026,0.966
2023-01-25,600,25052.0,50801.0,70779.0,-12.02,0.84,0.52,0.36,0.24,0.3033,0.113,-0.062,0.994
2023-01-26,600,24547.0,47890.0,69754.0,-11.99,0.93,0.52,0.36,0.24,0.3183,0.028,-0.061,1.027
2023-01-27,600,24845.0,48137.0,70855.0,-12.15,0.88,0.52,0.36,0.24,0.3017,-0.049,0.068,1.034
2023-01-28,600,24782.0,55647.0,72423.0,-12.18,0.92,0.52,0.36,0.24,0.315,-0.049,0.007,0.928
2023-01-29,600,24403.0,55043.0,71872.0,-11.91,0.88,0.52,0.36,0.24,0.3067,0.045,-0.073,0.973
2023-01-30,600,24297.0,48363.0,70140.0,-12.03,0.87,0.52,0.36,0.24,0.3,0.159,0.082,0.951
2023-01-31,600,24603.0,46656.0,70364.0,-11.99,0.79,0.52,0.36,0.24,0.2733,0.094,-0.004,0.926
2023-02-01,600,25831.0,52679.0,71993.0,-9.92,0.6,0.52,0.36,0.24,0.3217,-0.043,-0.019,0.921
2023-02-02,600,26025.0,52442.0,72593.0,-10.27,0.56,0.52,0.36,0.24,0.32,-0.028,-0.056,1.035
2023-02-03,600,25576.0,53049.0,72578.0,-10.04,0.65,0.52,0.36,0.24,0.295,0.033,0.039,0.899
2023-02-04,600,24719.0,53056.0,73208.0,-10.11,0.53,0.52,0.36,0.24,0.3117,-0.044,0.003,0.906
2023-02-05,600,26290.0,63644.0,75359.0,-9.92,0.55,0.52,0.36,0.24,0.3017,0.067,-0.044,0.879
2023-02-06,600,26123.0,52575.0,72744.0,-9.95,0.56,0.52,0.36,0.24,0.2717,-0.03,-0.048,0.943
2023-02-07,600,27047.0,56200.0,74070.0,-9.88,0.54,0.52,0.36,0.24,0.3233,0.07,-0.051,1.028
2023-02-08,600,26831.0,52503.0,74556.0,-9.84,0.57,0.52,0.36,0.24,0.29,-0.006,0.085,0.975
2023-02-09,600,25888.0,49564.0,72429.0,-9.98,0.57,0.52,0.36,0.24,0.2733,-0.008,-0.013,0.838
2023-02-10,600,26240.0,53325.0,73072.0,-10.11,0.51,0.52,0.36,0.24,0.2833,-0.051,-0.171,1.012
2023-02-11,600,25678.0,58130.0,74205.0,-10.09,0.66,0.52,0.36,0.24,0.2983,0.014,0.067,0.885
2023-02-12,600,25740.0,57927.0,73504.0,-9.99,0.65,0.52,0.36,0.24,0.2883,0.061,-0.042,0.931
2023-02-13,600,26611.0,52455.0,73549.0,-9.96,0.56,0.52,0.36,0.24,0.27,0.03,-0.021,1.054
2023-02-14,600,25996.0,52167.0,72062.0,-9.96,0.63,0.52,0.36,0.24,0.2767,-0.057,-0.086,0.95
2023-02-15,600,25657.0,49182.0,71595.0,-10.05,0.67,0.52,0.36,0.24,0.3067,-0.054,-0.086,0.874
2023-02-16,600,24734.0,46937.0,70487.0,-10.0,0.62,0.52,0.36,0.24,0.3,-0.088,-0.043,0.91
2023-02-17,600,25600.0,50471.0,71890.0,-9.82,0.6,0.52,0.36,0.24,0.3067,-0.042,-0.064,1.011
2023-02-18,600,25411.0,56588.0,73988.0,-9.97,0.54,0.52,0.36,0.24,0.2867,-0.064,0.116,0.991
2023-02-19,600,25320.0,55804.0,73590.0,-10.0,0.58,0.48,0.4,0.24,0.3017,-0.063,-0.037,0.986
2023-02-20,600,25088.0,51815.0,70676.0,-10.23,0.69,0.48,0.4,0.24,0.3183,0.064,-0.026,0.973
2023-02-21,600,25546.0,50231.0,72068.0,-9.76,0.62,0.48,0.4,0.24,0.2783,-0.02,-0.052,0.887
2023-02-22,600,25468.0,51661.0,72167.0,-10.06,0.58,0.48,0.4,0.24,0.3,-0.001,-0.078,0.899
2023-02-23,600,25520.0,51032.0,71964.0,-9.93,0.69,0.48,0.4,0.24,0.2983,0.083,0.04,0.977
2023-02-24,600,26180.0,52930.0,73335.0,-9.99,0.6,0.48,0.4,0.24,0.305,-0.068,-0.007,0.948
2023-02-25,600,25653.0,56027.0,73636.0,-9.9,0.55,0.48,0.4,0.24,0.2933,-0.037,-0.051,0.882
2023-02-26,600,25273.0,53427.0,73684.0,-10.19,0.58,0.48,0.4,0.24,0.2633,0.026,0.0,1.006
2023-02-27,600,26190.0,53830.0,72482.0,-10.19,0.55,0.48,0.4,0.24,0.3283,-0.026,-0.023,0.825
2023-02-28,600,26174.0,54652.0,72812.0,-10.05,0.56,0.48,0.4,0.24,0.2717,-0.049,0.066,0.984
2023-03-01,600,36363.0,84058.0,89393.0,-3.82,0.44,0.48,0.4,0.24,0.3267,0.064,0.027,0.96
2023-03-02,600,37009.0,80083.0,90640.0,-4.05,0.36,0.48,0.4,0.24,0.31,0.016,-0.026,0.954
2023-03-03,600,37107.0,88126.0,90699.0,-3.95,0.43,0.44,0.4,0.24,0.295,0.012,-0.044,0.948
2023-03-04,600,35799.0,93713.0,91579.0,-3.73,0.36,0.48,0.4,0.24,0.2867,-0.057,0.007,0.946
2023-03-05,600,36338.0,98599.0,91837.0,-4.1,0.35,0.48,0.4,0.24,0.3333,0.041,-0.037,0.945
2023-03-06,600,36048.0,83601.0,88104.0,-4.32,0.38,0.52,0.44,0.24,0.3067,-0.031,0.032,0.863
2023-03-07,600,37427.0,90031.0,90896.0,-4.17,0.39,0.52,0.44,0.24,0.2867,-0.004,-0.056,0.955
2023-03-08,600,38118.0,89798.0,90847.0,-4.17,0.34,0.52,0.44,0.24,0.2817,-0.033,-0.023,0.847
2023-03-09,600,37625.0,89171.0,91409.0,-4.41,0.32,0.52,0.44,0.24,0.26,0.027,-0.088,0.909
2023-03-10,600,37236.0,87945.0,90431.0,-3.91,0.35,0.52,0.44,0.24,0.3183,-0.026,-0.056,0.937
2023-03-11,600,37302.0,102676.0,92899.0,-3.83,0.34,0.52,0.44,0.24,0.2833,0.058,0.016,1.055
2023-03-12,600,36653.0,100181.0,91852.0,-4.03,0.32,0.52,0.44,0.24,0.3117,0.021,0.065,0.906
2023-03-13,600,38883.0,98821.0,91673.0,-4.16,0.36,0.56,0.4,0.24,0.2767,0.027,0.031,0.968
2023-03-14,600,37410.0,91207.0,90452.0,-3.97,0.34,0.56,0.4,0.24,0.2933,0.001,0.083,0.897
2023-03-15,600,37236.0,89295.0,90752.0,-3.93,0.38,0.52,0.4,0.24,0.2983,0.029,0.117,0.904
2023-03-16,600,37519.0,88914.0,90664.0,-3.9,0.36,0.52,0.4,0.24,0.2933,0.108,0.039,1.051
2023-03-17,600,37775.0,89644.0,91321.0,-3.96,0.39,0.56,0.4,0.24,0.31,0.096,-0.002,0.964
2023-03-18,600,35983.0,89999.0,89607.0,-4.25,0.37,0.56,0.4,0.24,0.325,-0.008,0.014,0.898
2023-03-19,600,35758.0,89902.0,90447.0,-3.85,0.39,0.52,0.4,0.24,0.29,0.124,-0.009,0.939
2023-03-20,600,37227.0,91781.0,90495.0,-4.0,0.38,0.52,0.4,0.24,0.27,-0.009,-0.028,0.98
2023-03-21,600,38283.0,94131.0,90921.0,-3.83,0.37,0.52,0.4,0.24,0.33,-0.039,0.026,0.893
2023-03-22,600,37460.0,88045.0,90229.0,-3.73,0.37,0.56,0.44,0.24,0.31,-0.037,-0.028,0.943
2023-03-23,600,38544.0,94782.0,92255.0,-4.04,0.35,0.56,0.44,0.24,0.2833,0.027,0.046,0.903
2023-03-24,600,37510.0,88836.0,91259.0,-4.5,0.39,0.56,0.44,0.24,0.2933,-0.058,-0.127,0.951
2023-03-25,600,37171.0,98461.0,92461.0,-3.97,0.36,0.52,0.4,0.24,0.3217,0.105,0.117,1.019
2023-03-26,600,36796.0,99288.0,92065.0,-4.14,0.31,0.52,0.4,0.28,0.27,-0.039,-0.114,1.041
2023-03-27,600,36843.0,86602.0,90344.0,-4.08,0.33,0.52,0.4,0.28,0.3267,0.033,-0.024,1.016
2023-03-28,600,35943.0,82199.0,89025.0,-3.74,0.42,0.52,0.4,0.28,0.29,-0.014,0.017,0.911
2023-03-29,600,37274.0,87107.0,90533.0,-3.86,0.34,0.52,0.4,0.28,0.305,0.055,0.048,1.039
2023-03-30,600,36333.0,86255.0,89401.0,-4.05,0.36,0.52,0.4,0.28,0.29,0.002,-0.114,0.95
2023-03-31,600,37790.0,91731.0,91827.0,-3.8,0.36,0.52,0.4,0.28,0.28,-0.064,0.002,0.914
2023-04-01,600,39658.0,108697.0,97086.0,4.96,0.39,0.52,0.4,0.28,0.265,-0.016,-0.014,0.824
2023-04-02,600,39555.0,105359.0,96870.0,5.05,0.36,0.52,0.4,0.28,0.3017,-0.037,-0.026,0.904
2023-04-03,600,40987.0,99935.0,96582.0,4.97,0.26,0.52,0.4,0.28,0.32,-0.05,0.071,0.929
2023-04-04,600,40649.0,98559.0,95845.0,5.09,0.35,0.52,0.4,0.28,0.3367,0.098,0.001,1.057
2023-04-05,600,40499.0,99171.0,96030.0,4.98,0.3,0.48,0.4,0.28,0.27,0.085,0.148,1.003
2023-04-06,600,40966.0,93942.0,96915.0,4.9,0.31,0.44,0.4,0.28,0.275,-0.037,0.116,0.891
2023-04-07,600,40232.0,98118.0,96242.0,4.96,0.22,0.44,0.4,0.28,0.285,0.109,-0.059,0.915
2023-04-08,600,40115.0,109012.0,97774.0,5.03,0.38,0.44,0.4,0.28,0.31,-0.058,0.016,0.985
2023-04-09,600,39256.0,103497.0,97338.0,4.88,0.4,0.36,0.48,0.32,0.3317,0.067,-0.075,0.955
2023-04-10,600,40192.0,94937.0,96425.0,5.03,0.3,0.36,0.48,0.32,0.3067,-0.053,0.013,1.025
2023-04-11,600,40535.0,99197.0,96287.0,5.07,0.35,0.36,0.48,0.36,0.2783,-0.001,0.013,0.821
2023-04-12,600,39178.0,91379.0,95022.0,5.05,0.38,0.36,0.44,0.36,0.3083,0.037,0.057,0.985
2023-04-13,600,40446.0,100606.0,95427.0,4.81,0.34,0.4,0.52,0.4,0.325,0.066,-0.09,0.946
2023-04-14,600,41212.0,101389.0,97091.0,5.04,0.32,0.4,0.52,0.4,0.285,0.058,-0.018,0.969
2023-04-15,600,40418.0,111142.0,98515.0,5.03,0.44,0.4,0.48,0.4,0.305,-0.021,-0.055,0.876
2023-04-16,600,38853.0,99655.0,97395.0,5.07,0.33,0.4,0.48,0.4,0.3017,0.041,0.054,0.998
2023-04-17,600,39928.0,99508.0,95421.0,4.77,0.39,0.4,0.48,0.4,0.31,0.055,-0.147,0.851
2023-04-18,600,41023.0,104976.0,97463.0,4.9,0.28,0.4,0.52,0.36,0.3033,-0.047,0.01,0.941
2023-04-19,600,40752.0,98141.0,96289.0,5.01,0.3,0.4,0.56,0.4,0.2883,-0.031,0.066,0.99
2023-04-20,600,40157.0,98132.0,96266.0,4.94,0.35,0.4,0.56,0.4,0.255,0.011,0.061,1.014
2023-04-21,600,40015.0,98266.0,95805.0,5.08,0.33,0.4,0.56,0.36,0.3217,-0.033,-0.019,0.919
2023-04-22,600,39857.0,111813.0,98268.0,4.94,0.36,0.44,0.56,0.36,0.255,-0.112,-0.011,0.974
2023-04-23,600,39603.0,112835.0,97412.0,5.08,0.31,0.4,0.52,0.4,0.3067,0.031,0.06,1.016
2023-04-24,600,40695.0,99498.0,97088.0,4.88,0.34,0.4,0.52,0.4,0.3167,-0.037,0.034,0.883
2023-04-25,600,40154.0,99341.0,95953.0,5.03,0.34,0.4,0.52,0.4,0.3083,-0.075,0.012,0.983
2023-04-26,600,39807.0,97699.0,95810.0,4.9,0.34,0.4,0.52,0.4,0.2883,0.001,-0.123,0.922
2023-04-27,600,40095.0,98721.0,96163.0,5.46,0.33,0.4,0.52,0.4,0.2917,-0.014,0.001,0.893
2023-04-28,600,40410.0,98235.0,96347.0,4.99,0.33,0.4,0.52,0.4,0.295,0.013,0.122,0.961
2023-04-29,600,40020.0,110996.0,98316.0,5.24,0.22,0.4,0.48,0.4,0.3033,0.036,-0.053,1.1
2023-04-30,600,39751.0,107124.0,97872.0,5.05,0.3,0.44,0.48,0.4,0.3,-0.006,-0.121,0.953
2023-05-01,600,40346.0,97033.0,96684.0,13.94,0.29,0.44,0.48,0.4,0.31,0.082,-0.079,0.958
2023-05-02,600,40298.0,97621.0,95869.0,13.99,0.33,0.44,0.48,0.4,0.3,0.022,-0.149,1.063
2023-05-03,600,39761.0,97196.0,96068.0,13.94,0.35,0.4,0.48,0.4,0.3033,-0.15,-0.181,0.902
2023-05-04,600,39515.0,100396.0,96050.0,13.85,0.34,0.36,0.52,0.4,0.3083,-0.018,-0.052,0.934
2023-05-05,600,40260.0,101415.0,95578.0,14.23,0.36,0.36,0.52,0.4,0.285,0.032,-0.075,0.954
2023-05-06,600,39064.0,110261.0,96926.0,14.19,0.27,0.36,0.52,0.4,0.2633,-0.088,0.012,0.91
2023-05-07,600,38559.0,101816.0,96788.0,13.77,0.29,0.36,0.52,0.4,0.2967,-0.031,-0.072,0.885
2023-05-08,600,39482.0,96345.0,95746.0,14.1,0.29,0.36,0.52,0.4,0.2767,0.058,0.065,0.974
2023-05-09,600,39870.0,99134.0,95665.0,13.85,0.33,0.36,0.52,0.4,0.3133,-0.037,-0.03,0.931
2023-05-10,600,39957.0,98499.0,96148.0,14.07,0.3,0.36,0.52,0.4,0.265,0.051,-0.015,1.003
2023-05-11,600,40301.0,97718.0,96213.0,14.15,0.32,0.36,0.52,0.4,0.275,-0.061,-0.003,1.016
2023-05-12,600,40403.0,99265.0,96537.0,13.96,0.31,0.36,0.52,0.4,0.2983,0.06,0.002,0.976
2023-05-13,600,37986.0,103942.0,96436.0,14.14,0.32,0.36,0.52,0.4,0.3067,0.044,0.091,0.989
2023-05-14,600,40274.0,112205.0,98545.0,13.95,0.24,0.36,0.52,0.4,0.29,0.079,-0.02,0.979
2023-05-15,600,39871.0,98593.0,96597.0,14.07,0.3,0.36,0.52,0.4,0.2633,0.063,-0.036,0.873
2023-05-16,600,39695.0,98529.0,96116.0,14.14,0.29,0.36,0.48,0.4,0.2917,-0.025,-0.12,1.012
2023-05-17,600,39254.0,92079.0,95627.0,13.87,0.29,0.36,0.48,0.4,0.3117,-0.003,-0.004,0.928
2023-05-18,600,39737.0,96983.0,96612.0,13.78,0.32,0.32,0.52,0.32,0.27,0.094,0.073,0.875
2023-05-19,600,39549.0,96645.0,95658.0,14.04,0.32,0.32,0.52,0.32,0.31,0.041,-0.079,0.902
2023-05-20,600,38501.0,103034.0,96680.0,13.84,0.32,0.36,0.56,0.32,0.325,0.032,0.023,0.933
2023-05-21,600,38999.0,106349.0,97641.0,14.11,0.24,0.36,0.56,0.32,0.2917,0.034,-0.069,1.034
2023-05-22,600,40008.0,99177.0,96243.0,14.02,0.29,0.44,0.52,0.28,0.2717,-0.107,0.058,1.044
2023-05-23,600,40082.0,99276.0,95234.0,14.13,0.29,0.44,0.52,0.28,0.2817,-0.037,0.013,0.96
2023-05-24,600,40089.0,100246.0,95506.0,14.02,0.31,0.44,0.52,0.28,0.2933,-0.038,-0.07,0.981
2023-05-25,600,39512.0,96027.0,95821.0,14.02,0.28,0.44,0.52,0.28,0.2933,0.005,-0.021,0.85
2023-05-26,600,40127.0,98442.0,95828.0,13.97,0.3,0.44,0.52,0.28,0.3083,-0.11,-0.005,0.964
2023-05-27,600,39920.0,110052.0,97072.0,14.08,0.27,0.44,0.52,0.28,0.2783,0.053,-0.017,1.002
2023-05-28,600,39566.0,109873.0,97151.0,14.14,0.26,0.44,0.52,0.28,0.2917,-0.003,0.025,1.018
2023-05-29,600,40102.0,96601.0,95937.0,13.87,0.29,0.44,0.52,0.28,0.2917,-0.034,0.01,0.936
2023-05-30,600,40755.0,100429.0,96476.0,13.72,0.32,0.48,0.52,0.24,0.2917,-0.026,0.006,0.961
2023-05-31,600,40193.0,96156.0,96248.0,14.03,0.31,0.44,0.56,0.24,0.3,0.047,-0.043,0.837
2023-06-01,600,51376.0,138581.0,110580.0,17.91,0.54,0.44,0.56,0.24,0.28,0.036,-0.061,1.098
2023-06-02,600,50556.0,131715.0,109520.0,18.02,0.48,0.48,0.52,0.2,0.3067,0.05,0.07,0.946
2023-06-03,600,49593.0,146040.0,111014.0,18.1,0.5,0.48,0.52,0.2,0.3233,0.018,0.014,1.052
2023-06-04,600,49975.0,148189.0,111783.0,17.99,0.5,0.48,0.52,0.2,0.3017,0.002,0.049,0.98
2023-06-05,600,52145.0,137209.0,110926.0,17.94,0.49,0.48,0.52,0.16,0.31,-0.011,0.042,0.991
2023-06-06,600,52506.0,139120.0,111259.0,17.9,0.42,0.48,0.52,0.2,0.2733,0.006,-0.02,0.89
2023-06-07,600,51520.0,136505.0,110763.0,17.96,0.43,0.48,0.52,0.2,0.2733,0.057,-0.011,0.951
2023-06-08,600,51663.0,134332.0,110261.0,18.04,0.41,0.48,0.52,0.2,0.31,0.016,-0.051,0.955
2023-06-09,600,51552.0,135774.0,111018.0,17.97,0.42,0.48,0.52,0.2,0.2733,0.008,-0.043,0.918
2023-06-10,600,50797.0,149229.0,112085.0,17.92,0.46,0.48,0.52,0.2,0.3217,-0.004,-0.004,0.858
2023-06-11,600,49868.0,147544.0,111289.0,17.95,0.45,0.48,0.52,0.2,0.2783,-0.068,0.049,0.942
2023-06-12,600,51850.0,133083.0,109746.0,18.14,0.47,0.48,0.52,0.2,0.3167,0.026,0.009,0.9
2023-06-13,600,50865.0,132466.0,109151.0,17.97,0.41,0.48,0.52,0.2,0.2733,-0.009,-0.048,0.922
2023-06-14,600,50923.0,137067.0,110692.0,17.87,0.43,0.48,0.52,0.2,0.2767,-0.086,0.08,0.991
2023-06-15,600,51572.0,136332.0,110873.0,18.13,0.44,0.48,0.52,0.2,0.3217,0.011,-0.082,0.85
2023-06-16,600,50818.0,136819.0,110059.0,18.01,0.47,0.48,0.52,0.2,0.3,0.082,-0.057,0.946
2023-06-17,600,49903.0,145692.0,112007.0,17.81,0.47,0.48,0.52,0.2,0.2783,0.067,-0.121,1.106
2023-06-18,600,49277.0,145462.0,110889.0,17.87,0.44,0.48,0.52,0.2,0.2967,-0.025,-0.044,0.842
2023-06-19,600,51233.0,138122.0,110494.0,18.02,0.45,0.48,0.52,0.2,0.315,0.012,0.017,1.013
2023-06-20,600,51784.0,135832.0,110901.0,17.86,0.39,0.48,0.52,0.2,0.275,0.003,-0.073,0.92
2023-06-21,600,51286.0,139075.0,110680.0,17.88,0.45,0.48,0.52,0.2,0.2933,0.079,-0.021,0.891
2023-06-22,600,51928.0,139090.0,111940.0,17.99,0.37,0.48,0.52,0.2,0.2667,-0.029,0.07,0.917
2023-06-23,600,51382.0,129581.0,110271.0,18.23,0.48,0.48,0.52,0.2,0.2733,0.07,-0.01,0.991
2023-06-24,600,50015.0,148439.0,111885.0,18.19,0.48,0.48,0.52,0.2,0.2867,0.103,0.026,0.89
2023-06-25,600,49613.0,141096.0,111303.0,18.06,0.54,0.48,0.52,0.2,0.29,0.111,-0.022,1.015
2023-06-26,600,51418.0,131562.0,111627.0,18.25,0.45,0.48,0.52,0.2,0.3133,-0.093,-0.002,1.061
2023-06-27,600,50744.0,142390.0,110434.0,18.0,0.47,0.44,0.56,0.2,0.2717,-0.02,-0.034,0.929
2023-06-28,600,51057.0,136624.0,109756.0,17.92,0.41,0.44,0.56,0.2,0.3333,-0.062,0.038,0.982
2023-06-29,600,50125.0,132733.0,110489.0,18.16,0.43,0.44,0.56,0.2,0.3133,-0.02,0.081,0.955
2023-06-30,600,51260.0,138599.0,110664.0,17.87,0.43,0.44,0.56,0.2,0.2883,0.031,-0.013,0.867
2023-07-01,600,49613.0,144338.0,112100.0,20.12,0.48,0.4,0.48,0.16,0.2883,0.107,0.147,0.931
2023-07-02,600,50128.0,149460.0,112332.0,20.23,0.53,0.48,0.48,0.16,0.2883,0.004,0.063,0.803
2023-07-03,600,51312.0,134158.0,110014.0,19.95,0.48,0.48,0.44,0.16,0.3233,0.012,-0.001,1.022
2023-07-04,600,50694.0,131624.0,109307.0,20.25,0.51,0.48,0.44,0.16,0.2733,-0.048,-0.02,0.95
2023-07-05,600,51733.0,132846.0,110529.0,20.21,0.52,0.52,0.44,0.16,0.2783,-0.002,0.178,0.976
2023-07-06,600,52286.0,135485.0,110795.0,19.98,0.56,0.52,0.44,0.16,0.2883,0.038,0.002,1.005
2023-07-07,600,51601.0,129016.0,110232.0,20.08,0.57,0.52,0.4,0.12,0.2867,-0.026,-0.088,0.86
2023-07-08,600,49740.0,141965.0,110960.0,20.03,0.47,0.52,0.4,0.12,0.3067,0.034,0.032,0.94
2023-07-09,600,50799.0,145600.0,112866.0,20.12,0.54,0.56,0.44,0.12,0.2983,-0.036,0.024,0.957
2023-07-10,600,51735.0,135698.0,110194.0,19.79,0.53,0.56,0.44,0.08,0.2917,0.011,0.13,0.915
2023-07-11,600,51455.0,135022.0,110688.0,19.94,0.48,0.56,0.44,0.08,0.3067,-0.109,0.004,1.015
2023-07-12,600,50834.0,134357.0,109318.0,20.0,0.61,0.52,0.44,0.12,0.2867,0.001,0.037,0.965
2023-07-13,600,50851.0,129109.0,110001.0,20.07,0.62,0.52,0.44,0.12,0.3083,0.053,0.025,0.996
2023-07-14,600,51618.0,134967.0,110546.0,20.01,0.49,0.56,0.44,0.12,0.2683,0.035,-0.046,0.893
2023-07-15,600,50038.0,144098.0,112100.0,19.99,0.56,0.56,0.44,0.12,0.2567,-0.085,0.041,0.89
2023-07-16,600,50239.0,147569.0,112362.0,20.17,0.54,0.52,0.44,0.12,0.2983,-0.015,-0.077,0.957
2023-07-17,600,51821.0,132076.0,111049.0,20.03,0.5,0.44,0.4,0.16,0.3183,0.032,-0.137,0.975
2023-07-18,600,49699.0,126915.0,109338.0,19.82,0.59,0.44,0.4,0.16,0.2917,0.016,-0.025,0.944
2023-07-19,600,51143.0,125421.0,110618.0,19.94,0.57,0.44,0.44,0.2,0.2817,0.015,0.017,0.827
2023-07-20,600,50906.0,133179.0,110344.0,20.08,0.6,0.44,0.44,0.2,0.2867,-0.042,-0.047,0.913
2023-07-21,600,51086.0,132393.0,110530.0,20.02,0.54,0.44,0.44,0.16,0.27,-0.153,-0.161,0.911
2023-07-22,600,49788.0,144481.0,112913.0,20.1,0.51,0.44,0.44,0.16,0.2567,0.026,-0.042,0.981
2023-07-23,600,50563.0,146497.0,112889.0,19.97,0.54,0.44,0.44,0.16,0.2867,0.009,-0.046,0.885
2023-07-24,600,51174.0,131766.0,111116.0,19.98,0.55,0.44,0.44,0.16,0.28,0.008,-0.036,0.894
2023-07-25,600,50167.0,125279.0,110037.0,20.04,0.61,0.44,0.44,0.16,0.295,-0.036,0.072,0.926
2023-07-26,600,50412.0,131722.0,110142.0,20.36,0.55,0.44,0.44,0.16,0.2917,-0.064,0.021,1.035
2023-07-27,600,50104.0,127111.0,109208.0,20.23,0.55,0.44,0.44,0.16,0.2867,-0.158,-0.012,0.942
2023-07-28,600,51772.0,135811.0,111441.0,19.99,0.57,0.44,0.44,0.16,0.29,0.053,-0.07,0.9
2023-07-29,600,50142.0,145296.0,112719.0,20.14,0.52,0.44,0.44,0.16,0.3183,0.072,-0.063,1.015
2023-07-30,600,49619.0,138994.0,111147.0,19.88,0.58,0.44,0.44,0.16,0.2883,-0.103,-0.015,1.04
2023-07-31,600,51607.0,135212.0,110836.0,19.95,0.54,0.4,0.44,0.16,0.3017,0.026,0.096,0.976
2023-08-01,600,50474.0,126606.0,110281.0,17.95,0.45,0.4,0.44,0.2,0.3,-0.003,0.019,1.136
2023-08-02,600,50772.0,128029.0,110180.0,17.91,0.52,0.4,0.44,0.2,0.2783,-0.052,0.015,0.881
2023-08-03,600,50416.0,133539.0,109854.0,17.78,0.5,0.4,0.44,0.2,0.2817,0.042,0.038,0.97
2023-08-04,600,49493.0,127557.0,108378.0,17.94,0.49,0.4,0.44,0.2,0.26,-0.154,0.025,0.878
2023-08-05,600,49197.0,141492.0,112236.0,17.96,0.38,0.4,0.44,0.2,0.2733,-0.032,-0.048,0.901
2023-08-06,600,49782.0,144490.0,112074.0,18.04,0.41,0.4,0.44,0.2,0.3233,0.044,-0.011,0.856
2023-08-07,600,50476.0,131410.0,109201.0,18.17,0.4,0.4,0.44,0.2,0.3083,-0.049,-0.009,0.953
2023-08-08,600,51382.0,136077.0,110313.0,17.93,0.42,0.4,0.44,0.2,0.3,0.015,-0.035,0.929
2023-08-09,600,50846.0,127700.0,110697.0,17.99,0.38,0.4,0.44,0.2,0.295,0.035,0.034,0.95
2023-08-10,600,51341.0,136209.0,110802.0,17.65,0.39,0.4,0.44,0.2,0.2583,-0.079,-0.101,0.901
2023-08-11,600,50456.0,133051.0,110296.0,17.94,0.45,0.4,0.44,0.2,0.285,0.02,0.02,0.863
2023-08-12,600,49371.0,143049.0,111574.0,18.21,0.5,0.4,0.44,0.2,0.325,-0.119,0.01,0.976
2023-08-13,600,48653.0,139847.0,111386.0,18.11,0.44,0.4,0.44,0.2,0.3017,0.031,0.097,1.004
2023-08-14,600,51184.0,134572.0,110677.0,17.86,0.5,0.4,0.44,0.2,0.265,-0.042,-0.033,0.979
2023-08-15,600,50120.0,126479.0,108855.0,18.15,0.45,0.4,0.44,0.2,0.2667,0.035,-0.048,0.997
2023-08-16,600,50709.0,134737.0,109785.0,18.0,0.43,0.4,0.44,0.2,0.3383,0.061,-0.109,1.046
2023-08-17,600,51827.0,133716.0,112262.0,18.09,0.36,0.4,0.44,0.2,0.2833,-0.059,0.003,0.885
2023-08-18,600,50891.0,135609.0,110105.0,17.95,0.46,0.4,0.44,0.2,0.27,-0.016,-0.048,0.985
2023-08-19,600,49127.0,145310.0,110689.0,18.03,0.49,0.4,0.44,0.2,0.2833,-0.001,0.047,0.895
2023-08-20,600,49316.0,137181.0,112251.0,18.01,0.4,0.4,0.44,0.2,0.28,-0.04,-0.096,0.73
2023-08-21,600,50354.0,130904.0,109751.0,17.91,0.39,0.4,0.44,0.2,0.33,-0.065,-0.008,0.932
2023-08-22,600,50825.0,131948.0,111239.0,18.13,0.37,0.4,0.44,0.2,0.3067,0.036,0.023,0.916
2023-08-23,600,50378.0,128868.0,110313.0,18.08,0.4,0.4,0.44,0.2,0.325,-0.027,0.07,0.904
2023-08-24,600,50693.0,129509.0,111090.0,18.1,0.42,0.4,0.44,0.2,0.2917,-0.095,-0.02,0.911
2023-08-25,600,50473.0,127830.0,109908.0,18.01,0.46,0.4,0.4,0.2,0.2983,-0.047,-0.067,0.89
2023-08-26,600,49281.0,141133.0,111124.0,18.02,0.48,0.4,0.36,0.2,0.32,-0.021,0.067,0.893
2023-08-27,600,48735.0,137945.0,110893.0,17.65,0.5,0.4,0.36,0.28,0.3283,0.089,0.098,0.803
2023-08-28,600,50636.0,123017.0,110219.0,18.08,0.43,0.4,0.36,0.28,0.2883,-0.047,-0.075,0.976
2023-08-29,600,51296.0,131120.0,110353.0,17.94,0.39,0.4,0.36,0.28,0.295,-0.05,0.043,0.943
2023-08-30,600,50525.0,126194.0,109628.0,17.83,0.41,0.36,0.4,0.28,0.305,0.035,0.123,0.835
2023-08-31,600,50309.0,131980.0,109618.0,17.95,0.44,0.36,0.4,0.28,0.3017,-0.007,-0.001,0.893
2023-09-01,600,39100.0,90572.0,95226.0,12.06,0.38,0.36,0.4,0.28,0.3217,0.042,0.129,0.917
2023-09-02,600,37909.0,96227.0,95694.0,12.01,0.44,0.36,0.4,0.28,0.3217,-0.007,-0.054,1.014
2023-09-03,600,39505.0,105399.0,97897.0,11.87,0.36,0.36,0.4,0.28,0.3067,-0.022,0.019,0.891
2023-09-04,600,40031.0,96684.0,96294.0,11.88,0.37,0.36,0.4,0.28,0.2867,-0.012,0.049,0.998
2023-09-05,600,40424.0,95794.0,96585.0,11.83,0.37,0.36,0.36,0.28,0.2867,0.123,-0.022,0.914
2023-09-06,600,39914.0,93961.0,95498.0,11.94,0.36,0.36,0.36,0.28,0.3233,-0.029,-0.101,0.964
2023-09-07,600,39501.0,93528.0,96310.0,12.12,0.4,0.36,0.36,0.28,0.295,0.066,-0.093,0.904
2023-09-08,600,40374.0,92398.0,96840.0,12.13,0.42,0.4,0.36,0.28,0.295,-0.044,-0.105,0.901
2023-09-09,600,39703.0,102598.0,98215.0,11.95,0.38,0.4,0.36,0.28,0.2967,0.157,-0.008,0.972
2023-09-10,600,38681.0,100319.0,97182.0,11.98,0.42,0.4,0.36,0.28,0.2417,0.046,0.095,1.026
2023-09-11,600,40376.0,93178.0,96486.0,12.13,0.41,0.4,0.36,0.28,0.3083,-0.026,0.014,0.902
2023-09-12,600,40294.0,95731.0,96113.0,11.64,0.38,0.4,0.36,0.28,0.3083,-0.004,-0.03,0.866
2023-09-13,600,40277.0,94887.0,96095.0,11.84,0.4,0.4,0.36,0.28,0.3367,0.017,0.003,1.035
2023-09-14,600,39367.0,90524.0,95406.0,12.04,0.41,0.4,0.36,0.28,0.2917,-0.018,-0.027,1.057
2023-09-15,600,39793.0,93775.0,95777.0,11.92,0.34,0.4,0.36,0.28,0.2867,0.021,0.015,0.855
2023-09-16,600,38706.0,100112.0,96853.0,12.02,0.41,0.4,0.36,0.28,0.2817,-0.022,-0.028,0.933
2023-09-17,600,38744.0,103771.0,96139.0,12.09,0.38,0.4,0.36,0.28,0.305,0.13,0.018,0.906
2023-09-18,600,40444.0,99900.0,96198.0,11.98,0.4,0.4,0.36,0.28,0.315,0.065,0.014,0.851
2023-09-19,600,40074.0,95100.0,95761.0,11.94,0.34,0.4,0.36,0.28,0.275,0.002,0.055,0.859
2023-09-20,600,40905.0,96943.0,97106.0,12.08,0.4,0.4,0.36,0.28,0.2517,-0.026,0.062,0.955
2023-09-21,600,40071.0,92084.0,95592.0,12.0,0.42,0.44,0.32,0.28,0.3183,-0.035,0.001,0.993
2023-09-22,600,40296.0,92748.0,96465.0,11.96,0.41,0.44,0.32,0.28,0.31,-0.036,-0.037,0.942
2023-09-23,600,39343.0,99778.0,97280.0,12.07,0.42,0.44,0.32,0.28,0.3183,-0.007,0.001,0.928
2023-09-24,600,39850.0,103920.0,97899.0,11.78,0.33,0.44,0.32,0.28,0.3133,0.009,0.041,0.945
2023-09-25,600,40023.0,95920.0,95215.0,12.08,0.42,0.4,0.32,0.28,0.2517,-0.055,0.026,1.023
2023-09-26,600,40861.0,98279.0,96458.0,11.95,0.43,0.44,0.36,0.28,0.325,0.033,-0.04,0.899
2023-09-27,600,40228.0,93471.0,96336.0,11.88,0.38,0.44,0.36,0.28,0.28,-0.015,0.007,0.924
2023-09-28,600,40367.0,95179.0,96054.0,11.93,0.36,0.44,0.36,0.28,0.3183,0.044,0.089,0.972
2023-09-29,600,40420.0,94532.0,95995.0,11.91,0.39,0.44,0.36,0.24,0.315,0.046,0.017,1.005
2023-09-30,600,39152.0,102602.0,97215.0,11.74,0.37,0.44,0.36,0.28,0.3167,0.038,0.006,1.071
2023-10-01,600,39478.0,104348.0,97215.0,4.89,0.37,0.48,0.32,0.28,0.2833,-0.049,-0.099,0.912
2023-10-02,600,40612.0,93142.0,95856.0,5.22,0.45,0.48,0.32,0.28,0.295,0.012,0.031,0.973
2023-10-03,600,40590.0,98602.0,96062.0,5.12,0.4,0.48,0.32,0.28,0.305,0.048,-0.025,0.945
2023-10-04,600,40365.0,93466.0,95965.0,4.89,0.32,0.48,0.32,0.28,0.2717,-0.056,-0.155,0.953
2023-10-05,600,40161.0,93408.0,95787.0,4.84,0.38,0.48,0.32,0.28,0.2767,0.034,-0.032,0.931
2023-10-06,600,42041.0,99430.0,97709.0,4.98,0.35,0.48,0.32,0.28,0.325,0.058,0.046,0.833
2023-10-07,600,40015.0,105566.0,98236.0,4.83,0.3,0.48,0.32,0.28,0.2867,0.009,-0.032,0.981
2023-10-08,600,39115.0,101832.0,96390.0,4.92,0.47,0.48,0.32,0.28,0.2917,0.021,0.025,1.0
2023-10-09,600,39636.0,94138.0,94698.0,5.01,0.41,0.48,0.32,0.28,0.3333,0.047,0.017,0.885
2023-10-10,600,40820.0,98654.0,96194.0,4.94,0.38,0.48,0.32,0.24,0.3233,0.055,0.079,1.015
2023-10-11,600,40773.0,96970.0,96415.0,5.05,0.31,0.48,0.32,0.24,0.305,-0.123,0.034,1.023
2023-10-12,600,39907.0,91866.0,95572.0,4.75,0.41,0.44,0.36,0.24,0.2967,0.06,0.025,0.885
2023-10-13,600,40192.0,96290.0,95770.0,4.96,0.35,0.44,0.4,0.28,0.3183,-0.113,-0.064,0.87
2023-10-14,600,39927.0,108295.0,97909.0,5.17,0.31,0.44,0.36,0.28,0.285,-0.058,-0.047,0.89
2023-10-15,600,39173.0,101783.0,96925.0,4.98,0.45,0.48,0.36,0.32,0.2933,-0.034,-0.062,0.923
2023-10-16,600,41043.0,94829.0,97074.0,5.0,0.36,0.48,0.36,0.32,0.295,-0.091,0.141,0.878
2023-10-17,600,40470.0,98186.0,96284.0,4.91,0.4,0.48,0.36,0.32,0.3083,0.032,0.0,0.852
2023-10-18,600,40371.0,93525.0,96715.0,4.98,0.32,0.44,0.36,0.32,0.29,0.005,-0.029,1.003
2023-10-19,600,39869.0,93933.0,96024.0,5.01,0.39,0.44,0.32,0.32,0.295,0.023,-0.092,0.986
2023-10-20,600,40739.0,98691.0,97065.0,4.81,0.37,0.44,0.32,0.32,0.2967,0.018,-0.039,0.883
2023-10-21,600,38755.0,102583.0,97248.0,5.02,0.37,0.44,0.36,0.32,0.3,0.112,-0.15,0.846
2023-10-22,600,40268.0,106472.0,98642.0,4.91,0.34,0.48,0.36,0.28,0.2867,0.045,0.043,0.939
2023-10-23,600,41155.0,98653.0,96869.0,5.03,0.39,0.52,0.36,0.28,0.3067,-0.019,0.02,0.898
2023-10-24,600,40936.0,99297.0,96674.0,4.8,0.34,0.56,0.4,0.28,0.295,0.023,-0.054,1.019
2023-10-25,600,40934.0,94843.0,95900.0,4.85,0.36,0.6,0.36,0.24,0.2983,-0.035,0.096,0.939
2023-10-26,600,40571.0,93920.0,96307.0,5.13,0.35,0.6,0.36,0.24,0.3033,0.057,0.07,0.957
2023-10-27,600,40675.0,95400.0,95900.0,4.94,0.37,0.6,0.36,0.24,0.3067,-0.087,-0.03,0.873
2023-10-28,600,40649.0,107471.0,98307.0,5.09,0.42,0.64,0.36,0.2,0.3,0.009,0.047,0.965
2023-10-29,600,39774.0,103768.0,97040.0,5.22,0.27,0.64,0.4,0.2,0.33,0.067,-0.124,1.049
2023-10-30,600,41142.0,99076.0,96471.0,5.13,0.33,0.64,0.4,0.2,0.2967,0.06,0.061,0.892
2023-10-31,600,41121.0,98068.0,96338.0,4.9,0.4,0.64,0.4,0.2,0.3033,-0.002,0.071,0.955
2023-11-01,600,38919.0,90383.0,92053.0,-1.99,0.4,0.64,0.4,0.2,0.3267,0.106,-0.063,0.913
2023-11-02,600,39415.0,94914.0,93451.0,-1.83,0.33,0.64,0.4,0.2,0.315,-0.127,-0.028,0.881
2023-11-03,600,39274.0,89719.0,92715.0,-2.03,0.36,0.64,0.4,0.2,0.3083,-0.03,-0.05,0.907
2023-11-04,600,38386.0,100752.0,94413.0,-2.0,0.44,0.64,0.4,0.2,0.3183,-0.042,-0.033,0.93
2023-11-05,600,39733.0,109416.0,96621.0,-1.85,0.36,0.64,0.4,0.2,0.3183,-0.033,-0.027,0.893
2023-11-06,600,38874.0,91093.0,92584.0,-1.97,0.36,0.64,0.4,0.2,0.2833,-0.005,-0.024,0.88
2023-11-07,600,40320.0,95953.0,94268.0,-2.15,0.35,0.64,0.36,0.16,0.3067,-0.08,-0.024,0.888
2023-11-08,600,39265.0,88497.0,92830.0,-2.12,0.41,0.64,0.4,0.16,0.3017,-0.022,-0.102,0.951
2023-11-09,600,39632.0,87329.0,93551.0,-2.03,0.36,0.64,0.4,0.16,0.3033,0.012,-0.06,0.931
2023-11-10,600,39465.0,95349.0,93079.0,-2.18,0.41,0.64,0.4,0.16,0.275,0.03,0.069,0.902
2023-11-11,600,38033.0,102836.0,94391.0,-1.99,0.42,0.64,0.4,0.16,0.2817,-0.027,0.003,0.944
2023-11-12,600,37284.0,96181.0,93125.0,-1.73,0.45,0.64,0.4,0.16,0.305,0.01,-0.04,0.906
2023-11-13,600,39915.0,95299.0,93580.0,-2.04,0.43,0.64,0.4,0.16,0.3,-0.004,-0.046,0.849
2023-11-14,600,39945.0,95894.0,94307.0,-2.06,0.37,0.64,0.4,0.16,0.2983,-0.008,0.028,1.074
2023-11-15,600,39324.0,90206.0,92792.0,-1.93,0.37,0.64,0.4,0.16,0.3283,0.036,-0.006,0.998
2023-11-16,600,39832.0,94632.0,93935.0,-1.68,0.37,0.64,0.4,0.16,0.28,0.013,-0.033,0.932
2023-11-17,600,39521.0,94095.0,93478.0,-2.02,0.38,0.6,0.4,0.16,0.3083,0.015,-0.011,0.919
2023-11-18,600,37931.0,100346.0,93428.0,-2.32,0.46,0.6,0.4,0.16,0.3083,0.056,0.162,0.944
2023-11-19,600,38063.0,97220.0,94101.0,-1.97,0.38,0.6,0.4,0.16,0.275,-0.057,-0.029,0.876
2023-11-20,600,38796.0,91868.0,92564.0,-2.15,0.4,0.6,0.4,0.16,0.32,-0.032,-0.053,1.016
2023-11-21,600,39374.0,90971.0,94021.0,-2.0,0.37,0.6,0.4,0.16,0.2683,-0.064,-0.047,0.936
2023-11-22,600,39119.0,91181.0,92850.0,-2.01,0.33,0.6,0.4,0.16,0.2867,0.02,0.145,1.011
2023-11-23,600,39556.0,90036.0,94065.0,-1.79,0.33,0.6,0.4,0.16,0.2867,0.011,0.014,0.866
2023-11-24,600,38643.0,90335.0,93002.0,-1.84,0.4,0.6,0.4,0.16,0.3233,-0.05,0.005,0.944
2023-11-25,600,38095.0,97242.0,93997.0,-1.93,0.36,0.6,0.36,0.16,0.295,-0.055,0.063,0.976
2023-11-26,600,38214.0,100096.0,93962.0,-1.79,0.34,0.64,0.4,0.16,0.2817,0.009,0.033,0.846
2023-11-27,600,40309.0,98441.0,93998.0,-2.18,0.4,0.64,0.4,0.16,0.3117,0.034,0.005,0.831
2023-11-28,600,39521.0,92550.0,93029.0,-1.84,0.42,0.64,0.4,0.16,0.29,-0.015,-0.038,1.024
2023-11-29,600,39651.0,96594.0,93149.0,-1.97,0.34,0.64,0.4,0.16,0.315,0.078,0.069,1.042
2023-11-30,600,39119.0,92487.0,92727.0,-2.0,0.33,0.64,0.4,0.16,0.3133,-0.019,-0.12,0.963
2023-12-01,600,27372.0,54865.0,73944.0,-7.97,0.71,0.64,0.4,0.16,0.2983,0.008,0.049,1.017
2023-12-02,600,26021.0,61007.0,74038.0,-7.51,0.69,0.64,0.4,0.16,0.2867,-0.111,-0.026,0.949
2023-12-03,600,25645.0,57827.0,73258.0,-7.99,0.71,0.64,0.4,0.16,0.2883,-0.049,-0.015,0.879
2023-12-04,600,27445.0,58106.0,74312.0,-7.93,0.69,0.64,0.4,0.16,0.3017,0.049,-0.065,1.021
2023-12-05,600,27537.0,57680.0,74530.0,-7.99,0.63,0.64,0.4,0.12,0.3,0.015,0.043,0.932
2023-12-06,600,27181.0,54072.0,73499.0,-7.98,0.66,0.68,0.44,0.12,0.3133,-0.018,0.029,0.894
2023-12-07,600,27440.0,59154.0,73830.0,-8.16,0.72,0.68,0.44,0.12,0.3167,0.041,-0.085,0.975
2023-12-08,600,27283.0,61017.0,73689.0,-8.11,0.71,0.68,0.44,0.12,0.29,0.002,-0.01,0.933
2023-12-09,600,26160.0,59134.0,73682.0,-7.99,0.7,0.68,0.44,0.12,0.3,-0.051,0.039,0.799
2023-12-10,600,27050.0,65112.0,75573.0,-7.82,0.61,0.68,0.44,0.12,0.3167,-0.0,-0.003,0.933
2023-12-11,600,27156.0,59117.0,73024.0,-7.87,0.69,0.68,0.44,0.12,0.3083,-0.007,0.089,0.968
2023-12-12,600,27752.0,59302.0,74081.0,-7.57,0.65,0.68,0.44,0.12,0.2517,0.012,-0.047,0.971
2023-12-13,600,27285.0,56744.0,74350.0,-7.98,0.71,0.68,0.44,0.12,0.325,-0.112,-0.005,0.996
2023-12-14,600,27801.0,62973.0,74974.0,-7.7,0.64,0.68,0.44,0.12,0.285,-0.011,-0.05,0.971
2023-12-15,600,27074.0,53169.0,73344.0,-8.21,0.64,0.68,0.44,0.12,0.3067,0.074,0.048,1.02
2023-12-16,600,25854.0,58567.0,73390.0,-8.02,0.63,0.64,0.44,0.12,0.2983,0.08,-0.069,0.988
2023-12-17,600,26947.0,63804.0,75105.0,-7.82,0.71,0.68,0.48,0.12,0.28,0.031,0.044,0.984
2023-12-18,600,25970.0,50942.0,71783.0,-7.95,0.7,0.68,0.48,0.12,0.315,0.103,0.043,0.919
2023-12-19,600,26937.0,57282.0,73026.0,-8.0,0.67,0.68,0.48,0.12,0.29,-0.047,-0.156,0.907
2023-12-20,600,26675.0,52899.0,72839.0,-8.38,0.62,0.68,0.48,0.12,0.31,0.041,0.144,1.09
2023-12-21,600,27919.0,60481.0,74523.0,-8.05,0.59,0.68,0.48,0.12,0.31,-0.019,0.007,0.944
2023-12-22,600,27136.0,54439.0,73526.0,-8.2,0.72,0.68,0.48,0.12,0.2983,0.06,0.071,0.904
2023-12-23,600,26102.0,61797.0,73925.0,-8.04,0.68,0.68,0.48,0.12,0.28,-0.024,-0.015,0.951
2023-12-24,600,27337.0,65743.0,75717.0,-7.91,0.64,0.64,0.52,0.08,0.2717,0.045,-0.003,0.919
2023-12-25,600,26944.0,58557.0,73089.0,-8.16,0.75,0.64,0.52,0.08,0.325,-0.035,0.128,1.02
2023-12-26,600,26932.0,54538.0,72997.0,-7.79,0.73,0.64,0.56,0.04,0.2817,0.007,0.058,0.913
2023-12-27,600,27636.0,55935.0,75282.0,-8.38,0.67,0.64,0.52,0.04,0.315,-0.01,-0.031,0.938
2023-12-28,600,27262.0,59454.0,73840.0,-8.07,0.75,0.64,0.52,0.04,0.3017,-0.009,0.094,1.077
2023-12-29,600,27367.0,54939.0,74271.0,-7.74,0.63,0.64,0.56,0.08,0.2883,0.057,0.098,1.011
2023-12-30,600,26946.0,65051.0,74499.0,-8.07,0.76,0.64,0.56,0.08,0.32,0.021,-0.036,1.035
2023-12-31,600,25147.0,54544.0,72708.0,-7.98,0.69,0.64,0.56,0.08,0.2967,0.111,0.049,0.977
