date,year,quarter,month,day,day_of_week,day_name,week_of_year,season,is_weekend,is_holiday,holiday_name
2023-01-01,2023,1,1,1,6,Sunday,52,winter,1,1,Новый год
2023-01-02,2023,1,1,2,0,Monday,1,winter,0,0,
2023-01-03,2023,1,1,3,1,Tuesday,1,winter,0,0,
2023-01-04,2023,1,1,4,2,Wednesday,1,winter,0,0,
2023-01-05,2023,1,1,5,3,Thursday,1,winter,0,0,
2023-01-06,2023,1,1,6,4,Friday,1,winter,0,0,
2023-01-07,2023,1,1,7,5,Saturday,1,winter,1,1,Рождество
2023-01-08,2023,1,1,8,6,Sunday,1,winter,1,0,
2023-01-09,2023,1,1,9,0,Monday,2,winter,0,0,
2023-01-10,2023,1,1,10,1,Tuesday,2,winter,0,0,
2023-01-11,2023,1,1,11,2,Wednesday,2,winter,0,0,
2023-01-12,2023,1,1,12,3,Thursday,2,winter,0,0,
2023-01-13,2023,1,1,13,4,Friday,2,winter,0,0,
2023-01-14,2023,1,1,14,5,Saturday,2,winter,1,0,
2023-01-15,2023,1,1,15,6,Sunday,2,winter,1,0,
2023-01-16,2023,1,1,16,0,Monday,3,winter,0,0,
2023-01-17,2023,1,1,17,1,Tuesday,3,winter,0,0,
2023-01-18,2023,1,1,18,2,Wednesday,3,winter,0,0,
2023-01-19,2023,1,1,19,3,Thursday,3,winter,0,0,
2023-01-20,2023,1,1,20,4,Friday,3,winter,0,0,
2023-01-21,2023,1,1,21,5,Saturday,3,winter,1,0,
2023-01-22,2023,1,1,22,6,Sunday,3,winter,1,0,
2023-01-23,2023,1,1,23,0,Monday,4,winter,0,0,
2023-01-24,2023,1,1,24,1,Tuesday,4,winter,0,0,
2023-01-25,2023,1,1,25,2,Wednesday,4,winter,0,0,
2023-01-26,2023,1,1,26,3,Thursday,4,winter,0,0,
2023-01-27,2023,1,1,27,4,Friday,4,winter,0,0,
2023-01-28,2023,1,1,28,5,Saturday,4,winter,1,0,
2023-01-29,2023,1,1,29,6,Sunday,4,winter,1,0,
2023-01-30,2023,1,1,30,0,Monday,5,winter,0,0,
2023-01-31,2023,1,1,31,1,Tuesday,5,winter,0,0,
2023-02-01,2023,1,2,1,2,Wednesday,5,winter,0,0,
2023-02-02,2023,1,2,2,3,Thursday,5,winter,0,0,
2023-02-03,2023,1,2,3,4,Friday,5,winter,0,0,
2023-02-04,2023,1,2,4,5,Saturday,5,winter,1,0,
2023-02-05,2023,1,2,5,6,Sunday,5,winter,1,0,
2023-02-06,2023,1,2,6,0,Monday,6,winter,0,0,
2023-02-07,2023,1,2,7,1,Tuesday,6,winter,0,0,
2023-02-08,2023,1,2,8,2,Wednesday,6,winter,0,0,
2023-02-09,2023,1,2,9,3,Thursday,6,winter,0,0,
2023-02-10,2023,1,2,10,4,Friday,6,winter,0,0,
2023-02-11,2023,1,2,11,5,Saturday,6,winter,1,0,
2023-02-12,2023,1,2,12,6,Sunday,6,winter,1,0,
2023-02-13,2023,1,2,13,0,Monday,7,winter,0,0,
2023-02-14,2023,1,2,14,1,Tuesday,7,winter,0,0,
2023-02-15,2023,1,2,15,2,Wednesday,7,winter,0,0,
2023-02-16,2023,1,2,16,3,Thursday,7,winter,0,0,
2023-02-17,2023,1,2,17,4,Friday,7,winter,0,0,
2023-02-18,2023,1,2,18,5,Saturday,7,winter,1,0,
2023-02-19,2023,1,2,19,6,Sunday,7,winter,1,0,
2023-02-20,2023,1,2,20,0,Monday,8,winter,0,0,
2023-02-21,2023,1,2,21,1,Tuesday,8,winter,0,0,
2023-02-22,2023,1,2,22,2,Wednesday,8,winter,0,0,
2023-02-23,2023,1,2,23,3,Thursday,8,winter,0,1,День защитника Отечества
2023-02-24,2023,1,2,24,4,Friday,8,winter,0,0,
2023-02-25,2023,1,2,25,5,Saturday,8,winter,1,0,
2023-02-26,2023,1,2,26,6,Sunday,8,winter,1,0,
2023-02-27,2023,1,2,27,0,Monday,9,winter,0,0,
2023-02-28,2023,1,2,28,1,Tuesday,9,winter,0,0,
2023-03-01,2023,1,3,1,2,Wednesday,9,spring,0,0,
2023-03-02,2023,1,3,2,3,Thursday,9,spring,0,0,
2023-03-03,2023,1,3,3,4,Friday,9,spring,0,0,
2023-03-04,2023,1,3,4,5,Saturday,9,spring,1,0,
2023-03-05,2023,1,3,5,6,Sunday,9,spring,1,0,
2023-03-06,2023,1,3,6,0,Monday,10,spring,0,0,
2023-03-07,2023,1,3,7,1,Tuesday,10,spring,0,0,
2023-03-08,2023,1,3,8,2,Wednesday,10,spring,0,1,Международный женский день
2023-03-09,2023,1,3,9,3,Thursday,10,spring,0,0,
2023-03-10,2023,1,3,10,4,Friday,10,spring,0,0,
2023-03-11,2023,1,3,11,5,Saturday,10,spring,1,0,
2023-03-12,2023,1,3,12,6,Sunday,10,spring,1,0,
2023-03-13,2023,1,3,13,0,Monday,11,spring,0,0,
2023-03-14,2023,1,3,14,1,Tuesday,11,spring,0,0,
2023-03-15,2023,1,3,15,2,Wednesday,11,spring,0,0,
2023-03-16,2023,1,3,16,3,Thursday,11,spring,0,0,
2023-03-17,2023,1,3,17,4,Friday,11,spring,0,0,
2023-03-18,2023,1,3,18,5,Saturday,11,spring,1,0,
2023-03-19,2023,1,3,19,6,Sunday,11,spring,1,0,
2023-03-20,2023,1,3,20,0,Monday,12,spring,0,0,
2023-03-21,2023,1,3,21,1,Tuesday,12,spring,0,0,
2023-03-22,2023,1,3,22,2,Wednesday,12,spring,0,0,
2023-03-23,2023,1,3,23,3,Thursday,12,spring,0,0,
2023-03-24,2023,1,3,24,4,Friday,12,spring,0,0,
2023-03-25,2023,1,3,25,5,Saturday,12,spring,1,0,
2023-03-26,2023,1,3,26,6,Sunday,12,spring,1,0,
2023-03-27,2023,1,3,27,0,Monday,13,spring,0,0,
2023-03-28,2023,1,3,28,1,Tuesday,13,spring,0,0,
2023-03-29,2023,1,3,29,2,Wednesday,13,spring,0,0,
2023-03-30,2023,1,3,30,3,Thursday,13,spring,0,0,
2023-03-31,2023,1,3,31,4,Friday,13,spring,0,0,
2023-04-01,2023,2,4,1,5,Saturday,13,spring,1,0,
2023-04-02,2023,2,4,2,6,Sunday,13,spring,1,0,
2023-04-03,2023,2,4,3,0,Monday,14,spring,0,0,
2023-04-04,2023,2,4,4,1,Tuesday,14,spring,0,0,
2023-04-05,2023,2,4,5,2,Wednesday,14,spring,0,0,
2023-04-06,2023,2,4,6,3,Thursday,14,spring,0,0,
2023-04-07,2023,2,4,7,4,Friday,14,spring,0,0,
2023-04-08,2023,2,4,8,5,Saturday,14,spring,1,0,
2023-04-09,2023,2,4,9,6,Sunday,14,spring,1,0,
2023-04-10,2023,2,4,10,0,Monday,15,spring,0,0,
2023-04-11,2023,2,4,11,1,Tuesday,15,spring,0,0,
2023-04-12,2023,2,4,12,2,Wednesday,15,spring,0,0,
2023-04-13,2023,2,4,13,3,Thursday,15,spring,0,0,
2023-04-14,2023,2,4,14,4,Friday,15,spring,0,0,
2023-04-15,2023,2,4,15,5,Saturday,15,spring,1,0,
2023-04-16,2023,2,4,16,6,Sunday,15,spring,1,0,
2023-04-17,2023,2,4,17,0,Monday,16,spring,0,0,
2023-04-18,2023,2,4,18,1,Tuesday,16,spring,0,0,
2023-04-19,2023,2,4,19,2,Wednesday,16,spring,0,0,
2023-04-20,2023,2,4,20,3,Thursday,16,spring,0,0,
2023-04-21,2023,2,4,21,4,Friday,16,spring,0,0,
2023-04-22,2023,2,4,22,5,Saturday,16,spring,1,0,
2023-04-23,2023,2,4,23,6,Sunday,16,spring,1,0,
2023-04-24,2023,2,4,24,0,Monday,17,spring,0,0,
2023-04-25,2023,2,4,25,1,Tuesday,17,spring,0,0,
2023-04-26,2023,2,4,26,2,Wednesday,17,spring,0,0,
2023-04-27,2023,2,4,27,3,Thursday,17,spring,0,0,
2023-04-28,2023,2,4,28,4,Friday,17,spring,0,0,
2023-04-29,2023,2,4,29,5,Saturday,17,spring,1,0,
2023-04-30,2023,2,4,30,6,Sunday,17,spring,1,0,
2023-05-01,2023,2,5,1,0,Monday,18,spring,0,1,Праздник весны и труда
2023-05-02,2023,2,5,2,1,Tuesday,18,spring,0,0,
2023-05-03,2023,2,5,3,2,Wednesday,18,spring,0,0,
2023-05-04,2023,2,5,4,3,Thursday,18,spring,0,0,
2023-05-05,2023,2,5,5,4,Friday,18,spring,0,0,
2023-05-06,2023,2,5,6,5,Saturday,18,spring,1,0,
2023-05-07,2023,2,5,7,6,Sunday,18,spring,1,0,
2023-05-08,2023,2,5,8,0,Monday,19,spring,0,0,
2023-05-09,2023,2,5,9,1,Tuesday,19,spring,0,1,День Победы
2023-05-10,2023,2,5,10,2,Wednesday,19,spring,0,0,
2023-05-11,2023,2,5,11,3,Thursday,19,spring,0,0,
2023-05-12,2023,2,5,12,4,Friday,19,spring,0,0,
2023-05-13,2023,2,5,13,5,Saturday,19,spring,1,0,
2023-05-14,2023,2,5,14,6,Sunday,19,spring,1,0,
2023-05-15,2023,2,5,15,0,Monday,20,spring,0,0,
2023-05-16,2023,2,5,16,1,Tuesday,20,spring,0,0,
2023-05-17,2023,2,5,17,2,Wednesday,20,spring,0,0,
2023-05-18,2023,2,5,18,3,Thursday,20,spring,0,0,
2023-05-19,2023,2,5,19,4,Friday,20,spring,0,0,
2023-05-20,2023,2,5,20,5,Saturday,20,spring,1,0,
2023-05-21,2023,2,5,21,6,Sunday,20,spring,1,0,
2023-05-22,2023,2,5,22,0,Monday,21,spring,0,0,
2023-05-23,2023,2,5,23,1,Tuesday,21,spring,0,0,
2023-05-24,2023,2,5,24,2,Wednesday,21,spring,0,0,
2023-05-25,2023,2,5,25,3,Thursday,21,spring,0,0,
2023-05-26,2023,2,5,26,4,Friday,21,spring,0,0,
2023-05-27,2023,2,5,27,5,Saturday,21,spring,1,0,
2023-05-28,2023,2,5,28,6,Sunday,21,spring,1,0,
2023-05-29,2023,2,5,29,0,Monday,22,spring,0,0,
2023-05-30,2023,2,5,30,1,Tuesday,22,spring,0,0,
2023-05-31,2023,2,5,31,2,Wednesday,22,spring,0,0,
2023-06-01,2023,2,6,1,3,Thursday,22,summer,0,0,
2023-06-02,2023,2,6,2,4,Friday,22,summer,0,0,
2023-06-03,2023,2,6,3,5,Saturday,22,summer,1,0,
2023-06-04,2023,2,6,4,6,Sunday,22,summer,1,0,
2023-06-05,2023,2,6,5,0,Monday,23,summer,0,0,
2023-06-06,2023,2,6,6,1,Tuesday,23,summer,0,0,
2023-06-07,2023,2,6,7,2,Wednesday,23,summer,0,0,
2023-06-08,2023,2,6,8,3,Thursday,23,summer,0,0,
2023-06-09,2023,2,6,9,4,Friday,23,summer,0,0,
2023-06-10,2023,2,6,10,5,Saturday,23,summer,1,0,
2023-06-11,2023,2,6,11,6,Sunday,23,summer,1,0,
2023-06-12,2023,2,6,12,0,Monday,24,summer,0,1,День России
2023-06-13,2023,2,6,13,1,Tuesday,24,summer,0,0,
2023-06-14,2023,2,6,14,2,Wednesday,24,summer,0,0,
2023-06-15,2023,2,6,15,3,Thursday,24,summer,0,0,
2023-06-16,2023,2,6,16,4,Friday,24,summer,0,0,
2023-06-17,2023,2,6,17,5,Saturday,24,summer,1,0,
2023-06-18,2023,2,6,18,6,Sunday,24,summer,1,0,
2023-06-19,2023,2,6,19,0,Monday,25,summer,0,0,
2023-06-20,2023,2,6,20,1,Tuesday,25,summer,0,0,
2023-06-21,2023,2,6,21,2,Wednesday,25,summer,0,0,
2023-06-22,2023,2,6,22,3,Thursday,25,summer,0,0,
2023-06-23,2023,2,6,23,4,Friday,25,summer,0,0,
2023-06-24,2023,2,6,24,5,Saturday,25,summer,1,0,
2023-06-25,2023,2,6,25,6,Sunday,25,summer,1,0,
2023-06-26,2023,2,6,26,0,Monday,26,summer,0,0,
2023-06-27,2023,2,6,27,1,Tuesday,26,summer,0,0,
2023-06-28,2023,2,6,28,2,Wednesday,26,summer,0,0,
2023-06-29,2023,2,6,29,3,Thursday,26,summer,0,0,
2023-06-30,2023,2,6,30,4,Friday,26,summer,0,0,
2023-07-01,2023,3,7,1,5,Saturday,26,summer,1,0,
2023-07-02,2023,3,7,2,6,Sunday,26,summer,1,0,
2023-07-03,2023,3,7,3,0,Monday,27,summer,0,0,
2023-07-04,2023,3,7,4,1,Tuesday,27,summer,0,0,
2023-07-05,2023,3,7,5,2,Wednesday,27,summer,0,0,
2023-07-06,2023,3,7,6,3,Thursday,27,summer,0,0,
2023-07-07,2023,3,7,7,4,Friday,27,summer,0,0,
2023-07-08,2023,3,7,8,5,Saturday,27,summer,1,0,
2023-07-09,2023,3,7,9,6,Sunday,27,summer,1,0,
2023-07-10,2023,3,7,10,0,Monday,28,summer,0,0,
2023-07-11,2023,3,7,11,1,Tuesday,28,summer,0,0,
2023-07-12,2023,3,7,12,2,Wednesday,28,summer,0,0,
2023-07-13,2023,3,7,13,3,Thursday,28,summer,0,0,
2023-07-14,2023,3,7,14,4,Friday,28,summer,0,0,
2023-07-15,2023,3,7,15,5,Saturday,28,summer,1,0,
2023-07-16,2023,3,7,16,6,Sunday,28,summer,1,0,
2023-07-17,2023,3,7,17,0,Monday,29,summer,0,0,
2023-07-18,2023,3,7,18,1,Tuesday,29,summer,0,0,
2023-07-19,2023,3,7,19,2,Wednesday,29,summer,0,0,
2023-07-20,2023,3,7,20,3,Thursday,29,summer,0,0,
2023-07-21,2023,3,7,21,4,Friday,29,summer,0,0,
2023-07-22,2023,3,7,22,5,Saturday,29,summer,1,0,
2023-07-23,2023,3,7,23,6,Sunday,29,summer,1,0,
2023-07-24,2023,3,7,24,0,Monday,30,summer,0,0,
2023-07-25,2023,3,7,25,1,Tuesday,30,summer,0,0,
2023-07-26,2023,3,7,26,2,Wednesday,30,summer,0,0,
2023-07-27,2023,3,7,27,3,Thursday,30,summer,0,0,
2023-07-28,2023,3,7,28,4,Friday,30,summer,0,0,
2023-07-29,2023,3,7,29,5,Saturday,30,summer,1,0,
2023-07-30,2023,3,7,30,6,Sunday,30,summer,1,0,
2023-07-31,2023,3,7,31,0,Monday,31,summer,0,0,
2023-08-01,2023,3,8,1,1,Tuesday,31,summer,0,0,
2023-08-02,2023,3,8,2,2,Wednesday,31,summer,0,0,
2023-08-03,2023,3,8,3,3,Thursday,31,summer,0,0,
2023-08-04,2023,3,8,4,4,Friday,31,summer,0,0,
2023-08-05,2023,3,8,5,5,Saturday,31,summer,1,0,
2023-08-06,2023,3,8,6,6,Sunday,31,summer,1,0,
2023-08-07,2023,3,8,7,0,Monday,32,summer,0,0,
2023-08-08,2023,3,8,8,1,Tuesday,32,summer,0,0,
2023-08-09,2023,3,8,9,2,Wednesday,32,summer,0,0,
2023-08-10,2023,3,8,10,3,Thursday,32,summer,0,0,
2023-08-11,2023,3,8,11,4,Friday,32,summer,0,0,
2023-08-12,2023,3,8,12,5,Saturday,32,summer,1,0,
2023-08-13,2023,3,8,13,6,Sunday,32,summer,1,0,
2023-08-14,2023,3,8,14,0,Monday,33,summer,0,0,
2023-08-15,2023,3,8,15,1,Tuesday,33,summer,0,0,
2023-08-16,2023,3,8,16,2,Wednesday,33,summer,0,0,
2023-08-17,2023,3,8,17,3,Thursday,33,summer,0,0,
2023-08-18,2023,3,8,18,4,Friday,33,summer,0,0,
2023-08-19,2023,3,8,19,5,Saturday,33,summer,1,0,
2023-08-20,2023,3,8,20,6,Sunday,33,summer,1,0,
2023-08-21,2023,3,8,21,0,Monday,34,summer,0,0,
2023-08-22,2023,3,8,22,1,Tuesday,34,summer,0,0,
2023-08-23,2023,3,8,23,2,Wednesday,34,summer,0,0,
2023-08-24,2023,3,8,24,3,Thursday,34,summer,0,0,
2023-08-25,2023,3,8,25,4,Friday,34,summer,0,0,
2023-08-26,2023,3,8,26,5,Saturday,34,summer,1,0,
2023-08-27,2023,3,8,27,6,Sunday,34,summer,1,0,
2023-08-28,2023,3,8,28,0,Monday,35,summer,0,0,
2023-08-29,2023,3,8,29,1,Tuesday,35,summer,0,0,
2023-08-30,2023,3,8,30,2,Wednesday,35,summer,0,1,День Республики Татарстан
2023-08-31,2023,3,8,31,3,Thursday,35,summer,0,0,
2023-09-01,2023,3,9,1,4,Friday,35,autumn,0,0,
2023-09-02,2023,3,9,2,5,Saturday,35,autumn,1,0,
2023-09-03,2023,3,9,3,6,Sunday,35,autumn,1,0,
2023-09-04,2023,3,9,4,0,Monday,36,autumn,0,0,
2023-09-05,2023,3,9,5,1,Tuesday,36,autumn,0,0,
2023-09-06,2023,3,9,6,2,Wednesday,36,autumn,0,0,
2023-09-07,2023,3,9,7,3,Thursday,36,autumn,0,0,
2023-09-08,2023,3,9,8,4,Friday,36,autumn,0,0,
2023-09-09,2023,3,9,9,5,Saturday,36,autumn,1,0,
2023-09-10,2023,3,9,10,6,Sunday,36,autumn,1,0,
2023-09-11,2023,3,9,11,0,Monday,37,autumn,0,0,
2023-09-12,2023,3,9,12,1,Tuesday,37,autumn,0,0,
2023-09-13,2023,3,9,13,2,Wednesday,37,autumn,0,0,
2023-09-14,2023,3,9,14,3,Thursday,37,autumn,0,0,
2023-09-15,2023,3,9,15,4,Friday,37,autumn,0,0,
2023-09-16,2023,3,9,16,5,Saturday,37,autumn,1,0,
2023-09-17,2023,3,9,17,6,Sunday,37,autumn,1,0,
2023-09-18,2023,3,9,18,0,Monday,38,autumn,0,0,
2023-09-19,2023,3,9,19,1,Tuesday,38,autumn,0,0,
2023-09-20,2023,3,9,20,2,Wednesday,38,autumn,0,0,
2023-09-21,2023,3,9,21,3,Thursday,38,autumn,0,0,
2023-09-22,2023,3,9,22,4,Friday,38,autumn,0,0,
2023-09-23,2023,3,9,23,5,Saturday,38,autumn,1,0,
2023-09-24,2023,3,9,24,6,Sunday,38,autumn,1,0,
2023-09-25,2023,3,9,25,0,Monday,39,autumn,0,0,
2023-09-26,2023,3,9,26,1,Tuesday,39,autumn,0,0,
2023-09-27,2023,3,9,27,2,Wednesday,39,autumn,0,0,
2023-09-28,2023,3,9,28,3,Thursday,39,autumn,0,0,
2023-09-29,2023,3,9,29,4,Friday,39,autumn,0,0,
2023-09-30,2023,3,9,30,5,Saturday,39,autumn,1,0,
2023-10-01,2023,4,10,1,6,Sunday,39,autumn,1,0,
2023-10-02,2023,4,10,2,0,Monday,40,autumn,0,0,
2023-10-03,2023,4,10,3,1,Tuesday,40,autumn,0,0,
2023-10-04,2023,4,10,4,2,Wednesday,40,autumn,0,0,
2023-10-05,2023,4,10,5,3,Thursday,40,autumn,0,0,
2023-10-06,2023,4,10,6,4,Friday,40,autumn,0,0,
2023-10-07,2023,4,10,7,5,Saturday,40,autumn,1,0,
2023-10-08,2023,4,10,8,6,Sunday,40,autumn,1,0,
2023-10-09,2023,4,10,9,0,Monday,41,autumn,0,0,
2023-10-10,2023,4,10,10,1,Tuesday,41,autumn,0,0,
2023-10-11,2023,4,10,11,2,Wednesday,41,autumn,0,0,
2023-10-12,2023,4,10,12,3,Thursday,41,autumn,0,0,
2023-10-13,2023,4,10,13,4,Friday,41,autumn,0,0,
2023-10-14,2023,4,10,14,5,Saturday,41,autumn,1,0,
2023-10-15,2023,4,10,15,6,Sunday,41,autumn,1,0,
2023-10-16,2023,4,10,16,0,Monday,42,autumn,0,0,
2023-10-17,2023,4,10,17,1,Tuesday,42,autumn,0,0,
2023-10-18,2023,4,10,18,2,Wednesday,42,autumn,0,0,
2023-10-19,2023,4,10,19,3,Thursday,42,autumn,0,0,
2023-10-20,2023,4,10,20,4,Friday,42,autumn,0,0,
2023-10-21,2023,4,10,21,5,Saturday,42,autumn,1,0,
2023-10-22,2023,4,10,22,6,Sunday,42,autumn,1,0,
2023-10-23,2023,4,10,23,0,Monday,43,autumn,0,0,
2023-10-24,2023,4,10,24,1,Tuesday,43,autumn,0,0,
2023-10-25,2023,4,10,25,2,Wednesday,43,autumn,0,0,
2023-10-26,2023,4,10,26,3,Thursday,43,autumn,0,0,
2023-10-27,2023,4,10,27,4,Friday,43,autumn,0,0,
2023-10-28,2023,4,10,28,5,Saturday,43,autumn,1,0,
2023-10-29,2023,4,10,29,6,Sunday,43,autumn,1,0,
2023-10-30,2023,4,10,30,0,Monday,44,autumn,0,0,
2023-10-31,2023,4,10,31,1,Tuesday,44,autumn,0,0,
2023-11-01,2023,4,11,1,2,Wednesday,44,autumn,0,0,
2023-11-02,2023,4,11,2,3,Thursday,44,autumn,0,0,
2023-11-03,2023,4,11,3,4,Friday,44,autumn,0,0,
2023-11-04,2023,4,11,4,5,Saturday,44,autumn,1,1,День народного единства
2023-11-05,2023,4,11,5,6,Sunday,44,autumn,1,0,
2023-11-06,2023,4,11,6,0,Monday,45,autumn,0,0,
2023-11-07,2023,4,11,7,1,Tuesday,45,autumn,0,0,
2023-11-08,2023,4,11,8,2,Wednesday,45,autumn,0,0,
2023-11-09,2023,4,11,9,3,Thursday,45,autumn,0,0,
2023-11-10,2023,4,11,10,4,Friday,45,autumn,0,0,
2023-11-11,2023,4,11,11,5,Saturday,45,autumn,1,0,
2023-11-12,2023,4,11,12,6,Sunday,45,autumn,1,0,
2023-11-13,2023,4,11,13,0,Monday,46,autumn,0,0,
2023-11-14,2023,4,11,14,1,Tuesday,46,autumn,0,0,
2023-11-15,2023,4,11,15,2,Wednesday,46,autumn,0,0,
2023-11-16,2023,4,11,16,3,Thursday,46,autumn,0,0,
2023-11-17,2023,4,11,17,4,Friday,46,autumn,0,0,
2023-11-18,2023,4,11,18,5,Saturday,46,autumn,1,0,
2023-11-19,2023,4,11,19,6,Sunday,46,autumn,1,0,
2023-11-20,2023,4,11,20,0,Monday,47,autumn,0,0,
2023-11-21,2023,4,11,21,1,Tuesday,47,autumn,0,0,
2023-11-22,2023,4,11,22,2,Wednesday,47,autumn,0,0,
2023-11-23,2023,4,11,23,3,Thursday,47,autumn,0,0,
2023-11-24,2023,4,11,24,4,Friday,47,autumn,0,0,
2023-11-25,2023,4,11,25,5,Saturday,47,autumn,1,0,
2023-11-26,2023,4,11,26,6,Sunday,47,autumn,1,0,
2023-11-27,2023,4,11,27,0,Monday,48,autumn,0,0,
2023-11-28,2023,4,11,28,1,Tuesday,48,autumn,0,0,
2023-11-29,2023,4,11,29,2,Wednesday,48,autumn,0,0,
2023-11-30,2023,4,11,30,3,Thursday,48,autumn,0,0,
2023-12-01,2023,4,12,1,4,Friday,48,winter,0,0,
2023-12-02,2023,4,12,2,5,Saturday,48,winter,1,0,
2023-12-03,2023,4,12,3,6,Sunday,48,winter,1,0,
2023-12-04,2023,4,12,4,0,Monday,49,winter,0,0,
2023-12-05,2023,4,12,5,1,Tuesday,49,winter,0,0,
2023-12-06,2023,4,12,6,2,Wednesday,49,winter,0,0,
2023-12-07,2023,4,12,7,3,Thursday,49,winter,0,0,
2023-12-08,2023,4,12,8,4,Friday,49,winter,0,0,
2023-12-09,2023,4,12,9,5,Saturday,49,winter,1,0,
2023-12-10,2023,4,12,10,6,Sunday,49,winter,1,0,
2023-12-11,2023,4,12,11,0,Monday,50,winter,0,0,
2023-12-12,2023,4,12,12,1,Tuesday,50,winter,0,0,
2023-12-13,2023,4,12,13,2,Wednesday,50,winter,0,0,
2023-12-14,2023,4,12,14,3,Thursday,50,winter,0,0,
2023-12-15,2023,4,12,15,4,Friday,50,winter,0,0,
2023-12-16,2023,4,12,16,5,Saturday,50,winter,1,0,
2023-12-17,2023,4,12,17,6,Sunday,50,winter,1,0,
2023-12-18,2023,4,12,18,0,Monday,51,winter,0,0,
2023-12-19,2023,4,12,19,1,Tuesday,51,winter,0,0,
2023-12-20,2023,4,12,20,2,Wednesday,51,winter,0,0,
2023-12-21,2023,4,12,21,3,Thursday,51,winter,0,0,
2023-12-22,2023,4,12,22,4,Friday,51,winter,0,0,
2023-12-23,2023,4,12,23,5,Saturday,51,winter,1,0,
2023-12-24,2023,4,12,24,6,Sunday,51,winter,1,0,
2023-12-25,2023,4,12,25,0,Monday,52,winter,0,0,
2023-12-26,2023,4,12,26,1,Tuesday,52,winter,0,0,
2023-12-27,2023,4,12,27,2,Wednesday,52,winter,0,0,
2023-12-28,2023,4,12,28,3,Thursday,52,winter,0,0,
2023-12-29,2023,4,12,29,4,Friday,52,winter,0,0,
2023-12-30,2023,4,12,30,5,Saturday,52,winter,1,0,
2023-12-31,2023,4,12,31,6,Sunday,52,winter,1,0,
